3	14	21	58	0.08333333333333333
3	12	15	54	0.1981203125901445
3	11	14	60	0.16666666666666666
3	14	43	66	0.08333333333333333
3	22	54	57	0.1981203125901445
3	16	36	62	0.16666666666666666
3	32	51	64	0.1981203125901445
3	18	23	31	0.16666666666666666
3	33	37	43	0.16666666666666666
3	33	5	6	0.16666666666666666
3	22	54	8	0.16666666666666666
3	11	43	75	0.16666666666666666
3	28	37	59	0.1981203125901445
3	14	15	75	0.16666666666666666
3	48	68	71	0.1981203125901445
3	16	43	52	0.16666666666666666
3	21	49	54	0.08333333333333333
3	15	5	58	0.16666666666666666
3	22	27	28	0.16666666666666666
3	16	60	71	0.16666666666666666
3	14	20	54	0.16666666666666666
3	19	64	67	0.1981203125901445
3	19	20	71	0.16666666666666666
3	29	35	9	0.1981203125901445
3	18	2	23	0.08333333333333333
3	20	76	9	0.1981203125901446
3	40	46	68	0.16666666666666666
3	11	42	49	0.16666666666666666
3	28	46	78	0.16666666666666666
3	1	43	58	0.16666666666666666
3	24	28	30	0.16666666666666666
3	19	20	79	0.16666666666666666
3	16	20	61	0.1981203125901445
3	29	30	9	0.1981203125901445
3	16	27	35	0.16666666666666666
3	62	76	78	0.16666666666666666
3	19	54	60	0.16666666666666666
3	14	28	63	0.1981203125901445
3	29	49	52	0.16666666666666666
3	6	69	71	0.16666666666666666
3	49	6	78	0.16666666666666666
3	2	38	64	0.16666666666666666
3	18	5	66	0.16666666666666666
3	18	21	6	0.16666666666666666
3	4	40	47	0.16666666666666666
3	61	69	8	0.16666666666666666
3	16	30	31	0.16666666666666666
3	1	30	37	0.16666666666666666
3	22	27	4	0.16666666666666666
3	49	59	9	0.1981203125901445
3	31	37	46	0.16666666666666666
3	12	65	79	0.1981203125901445
3	48	69	78	0.16666666666666666
3	11	37	76	0.16666666666666666
3	40	49	5	0.08333333333333333
3	4	69	9	0.16666666666666666
3	35	49	70	0.08333333333333333
3	21	49	9	0.16666666666666666
3	16	18	64	0.16666666666666666
3	37	55	70	0.16666666666666666
3	43	5	58	0.16666666666666666
3	2	32	58	0.08333333333333333
3	20	55	63	0.16666666666666666
3	14	43	63	0.1981203125901445
3	2	23	40	0.1981203125901445
3	32	43	58	0.1981203125901445
3	64	7	77	0.16666666666666666
3	34	35	76	0.1981203125901445
3	15	29	44	0.1981203125901445
3	68	77	78	0.16666666666666666
3	61	68	8	0.16666666666666666
3	20	48	9	0.1981203125901445
3	2	58	8	0.16666666666666666
3	40	49	52	0.1981203125901445
3	43	57	63	0.08333333333333333
3	38	5	55	0.16666666666666666
3	19	4	62	0.16666666666666666
3	2	23	8	0.08333333333333333
3	11	37	43	0.16666666666666666
3	43	45	66	0.16666666666666666
3	68	69	9	0.1981203125901445
3	32	37	70	0.16666666666666666
3	15	28	64	0.1981203125901445
3	44	51	55	0.1981203125901445
3	2	34	36	0.16666666666666666
3	18	43	78	0.16666666666666666
3	28	54	59	0.16666666666666666
3	11	43	52	0.1981203125901446
3	15	20	47	0.16666666666666666
3	11	14	58	0.08333333333333333
3	21	68	9	0.16666666666666666
3	28	45	78	0.16666666666666666
3	19	30	6	0.16666666666666666
3	28	68	78	0.16666666666666666
3	29	47	67	0.16666666666666666
3	16	32	64	0.16666666666666666
3	15	19	28	0.16666666666666666
3	24	43	57	0.1981203125901445
3	48	64	71	0.1981203125901446
3	14	20	63	0.1981203125901446
3	11	30	5	0.16666666666666666
3	15	5	77	0.16666666666666666
3	18	5	63	0.16666666666666666
3	22	55	64	0.16666666666666666
3	32	36	77	0.1981203125901446
3	47	49	52	0.16666666666666666
3	19	60	64	0.16666666666666666
3	42	62	9	0.08333333333333333
3	20	62	65	0.16666666666666666
3	19	46	9	0.1981203125901445
3	59	6	68	0.08333333333333333
3	15	42	54	0.1981203125901445
3	48	66	9	0.1981203125901445
3	42	58	61	0.16666666666666666
3	15	2	77	0.16666666666666666
3	34	46	55	0.16666666666666666
3	40	45	66	0.1981203125901445
3	31	5	6	0.16666666666666666
3	21	40	60	0.16666666666666666
3	35	64	76	0.16666666666666666
3	62	69	8	0.1981203125901446
3	19	20	56	0.08333333333333333
3	14	28	54	0.08333333333333333
3	59	72	9	0.16666666666666666
3	15	26	37	0.1981203125901446
3	19	30	69	0.16666666666666666
3	43	48	69	0.16666666666666666
3	29	32	44	0.1981203125901445
3	20	56	75	0.1981203125901446
3	32	43	76	0.16666666666666666
3	70	76	9	0.16666666666666666
3	29	5	66	0.16666666666666666
3	45	69	9	0.1981203125901445
3	22	47	58	0.1981203125901445
3	2	32	76	0.16666666666666666
3	19	20	60	0.16666666666666666
3	19	62	75	0.1981203125901445
3	20	40	54	0.16666666666666666
3	4	65	68	0.1981203125901445
3	2	24	32	0.16666666666666666
3	32	43	6	0.16666666666666666
3	22	48	58	0.16666666666666666
3	22	47	70	0.16666666666666666
3	2	22	55	0.1981203125901446
3	34	36	62	0.1981203125901445
3	59	62	76	0.1981203125901446
3	20	28	40	0.1981203125901445
3	37	6	76	0.1981203125901445
3	1	59	60	0.16666666666666666
3	30	55	77	0.08333333333333333
3	15	7	71	0.16666666666666666
3	15	35	68	0.16666666666666666
3	4	60	65	0.08333333333333333
3	21	28	29	0.1981203125901445
3	28	34	45	0.16666666666666666
3	11	43	61	0.1981203125901445
3	11	14	6	0.16666666666666666
3	15	28	78	0.16666666666666666
3	35	40	70	0.16666666666666666
3	24	29	62	0.1981203125901445
3	36	69	75	0.16666666666666666
3	5	69	70	0.16666666666666666
3	30	55	56	0.16666666666666666
3	27	32	52	0.16666666666666666
3	11	15	16	0.16666666666666666
3	18	6	68	0.16666666666666666
3	2	38	55	0.16666666666666666
3	31	59	80	0.16666666666666666
3	35	49	59	0.1981203125901445
3	15	19	49	0.16666666666666666
3	20	35	54	0.16666666666666666
3	43	52	9	0.1981203125901445
3	23	68	8	0.1981203125901445
3	22	4	8	0.1981203125901445
3	6	77	78	0.16666666666666666
3	47	60	70	0.1981203125901445
3	30	76	8	0.1981203125901445
3	19	43	66	0.16666666666666666
3	20	47	49	0.16666666666666666
3	37	55	77	0.1981203125901445
3	18	30	68	0.16666666666666666
3	27	4	54	0.16666666666666666
3	36	63	70	0.16666666666666666
3	18	63	66	0.16666666666666666
3	16	31	80	0.16666666666666666
3	47	52	75	0.1981203125901445
3	19	5	78	0.1981203125901445
3	60	71	8	0.16666666666666666
3	18	28	59	0.16666666666666666
3	14	15	62	0.16666666666666666
3	44	76	9	0.16666666666666666
3	28	37	46	0.16666666666666666
3	42	66	9	0.16666666666666666
3	19	27	64	0.1981203125901445
3	11	6	71	0.16666666666666666
3	32	45	64	0.16666666666666666
3	19	54	59	0.16666666666666666
3	4	48	75	0.1981203125901445
3	19	49	56	0.16666666666666666
3	15	6	76	0.16666666666666666
3	19	66	76	0.16666666666666666
3	48	66	76	0.1981203125901445
3	24	51	71	0.1981203125901446
3	14	6	64	0.16666666666666666
3	28	29	77	0.08333333333333333
3	43	51	8	0.1981203125901445
3	18	34	52	0.16666666666666666
3	43	52	76	0.1981203125901446
3	29	35	5	0.1981203125901445
3	32	36	52	0.16666666666666666
3	37	5	66	0.08333333333333333
3	25	47	5	0.1981203125901445
3	28	33	43	0.16666666666666666
3	22	27	48	0.16666666666666666
3	23	62	76	0.08333333333333333
3	47	6	71	0.16666666666666666
3	35	54	9	0.16666666666666666
3	72	77	8	0.16666666666666666
3	20	29	66	0.16666666666666666
3	19	33	71	0.16666666666666666
3	12	15	71	0.16666666666666666
3	19	64	66	0.16666666666666666
3	14	58	62	0.16666666666666666
3	63	72	8	0.08333333333333333
3	28	46	9	0.16666666666666666
3	20	55	69	0.08333333333333333
3	18	2	37	0.16666666666666666
3	6	71	77	0.16666666666666666
3	11	5	72	0.16666666666666666
3	35	47	60	0.16666666666666666
3	35	43	52	0.1981203125901445
3	14	28	35	0.16666666666666666
3	47	52	70	0.16666666666666666
3	14	31	64	0.16666666666666666
3	24	46	66	0.16666666666666666
3	12	15	2	0.1981203125901445
3	21	58	8	0.16666666666666666
3	21	54	58	0.16666666666666666
3	46	76	8	0.16666666666666666
3	28	36	49	0.16666666666666666
3	11	15	47	0.1981203125901446
3	27	62	76	0.1981203125901445
3	19	49	78	0.16666666666666666
3	12	22	54	0.16666666666666666
3	16	5	52	0.16666666666666666
3	29	71	8	0.1981203125901446
3	43	69	78	0.16666666666666666
3	37	65	68	0.16666666666666666
3	32	49	54	0.16666666666666666
3	48	59	69	0.16666666666666666
3	33	5	70	0.16666666666666666
3	32	49	64	0.1981203125901445
3	14	16	21	0.16666666666666666
3	5	52	8	0.08333333333333333
3	23	55	8	0.1981203125901446
3	2	72	77	0.1981203125901445
3	30	47	61	0.16666666666666666
3	24	46	8	0.16666666666666666
3	22	4	65	0.08333333333333333
3	55	63	70	0.1981203125901446
3	18	27	37	0.16666666666666666
3	22	45	71	0.1981203125901445
3	19	49	71	0.16666666666666666
3	15	4	47	0.16666666666666666
3	31	62	77	0.16666666666666666
3	72	76	8	0.1981203125901445
3	32	42	66	0.1981203125901445
3	54	60	70	0.16666666666666666
3	30	49	5	0.16666666666666666
3	21	40	67	0.16666666666666666
3	14	24	66	0.16666666666666666
3	18	66	69	0.16666666666666666
3	16	24	63	0.16666666666666666
3	46	63	80	0.1981203125901445
3	32	37	47	0.1981203125901446
3	28	35	54	0.08333333333333333
3	5	55	56	0.1981203125901445
3	23	54	57	0.16666666666666666
3	19	27	35	0.1981203125901445
3	36	66	77	0.16666666666666666
3	2	24	64	0.16666666666666666
3	1	44	60	0.08333333333333333
3	20	56	65	0.1981203125901445
3	21	22	8	0.16666666666666666
3	2	29	64	0.16666666666666666
3	42	52	9	0.16666666666666666
3	36	62	8	0.1981203125901445
3	15	33	77	0.1981203125901445
3	32	6	77	0.16666666666666666
3	28	58	59	0.1981203125901445
3	11	6	76	0.16666666666666666
3	15	23	78	0.1981203125901445
3	2	43	69	0.16666666666666666
3	29	35	43	0.16666666666666666
3	12	49	54	0.16666666666666666
3	29	37	78	0.16666666666666666
3	32	43	49	0.16666666666666666
3	30	66	69	0.16666666666666666
3	19	68	71	0.16666666666666666
3	16	31	64	0.16666666666666666
3	29	4	77	0.16666666666666666
3	1	27	75	0.16666666666666666
3	14	16	6	0.16666666666666666
3	12	20	22	0.16666666666666666
3	29	57	77	0.16666666666666666
3	2	4	47	0.1981203125901445
3	20	46	6	0.1981203125901445
3	15	16	57	0.16666666666666666
3	28	35	49	0.16666666666666666
3	33	56	57	0.1981203125901445
3	28	40	43	0.16666666666666666
3	30	31	6	0.16666666666666666
3	22	33	70	0.16666666666666666
3	2	37	64	0.16666666666666666
3	60	66	8	0.1981203125901446
3	5	6	78	0.16666666666666666
3	36	49	50	0.1981203125901446
3	31	5	56	0.16666666666666666
3	34	54	55	0.1981203125901445
3	48	64	69	0.16666666666666666
3	21	28	8	0.1981203125901445
3	20	40	9	0.16666666666666666
3	56	57	7	0.1981203125901445
3	20	40	70	0.16666666666666666
3	22	49	70	0.16666666666666666
3	29	43	66	0.16666666666666666
3	40	48	68	0.16666666666666666
3	54	66	8	0.16666666666666666
3	32	43	59	0.16666666666666666
3	21	62	8	0.1981203125901445
3	37	64	66	0.16666666666666666
3	15	23	67	0.16666666666666666
3	28	43	69	0.16666666666666666
3	29	47	57	0.16666666666666666
3	40	68	9	0.16666666666666666
3	1	36	69	0.1981203125901445
3	1	43	49	0.16666666666666666
3	18	28	76	0.16666666666666666
3	14	20	6	0.16666666666666666
3	32	65	79	0.16666666666666666
3	24	43	55	0.16666666666666666
3	16	52	64	0.16666666666666666
3	28	35	45	0.16666666666666666
3	24	43	62	0.16666666666666666
3	2	28	58	0.1981203125901445
3	28	36	79	0.1981203125901445
3	38	45	55	0.16666666666666666
3	37	44	57	0.16666666666666666
3	6	66	69	0.16666666666666666
3	1	36	49	0.1981203125901446
3	32	37	9	0.16666666666666666
3	14	58	61	0.16666666666666666
3	37	76	78	0.16666666666666666
3	36	5	52	0.1981203125901446
3	18	52	7	0.1981203125901445
3	15	44	47	0.1981203125901446
3	14	28	52	0.1981203125901445
3	23	28	40	0.16666666666666666
3	59	6	63	0.16666666666666666
3	16	59	63	0.16666666666666666
3	4	47	67	0.16666666666666666
3	15	54	71	0.1981203125901445
3	15	21	33	0.16666666666666666
3	20	54	6	0.08333333333333333
3	37	43	57	0.16666666666666666
3	32	58	75	0.16666666666666666
3	42	46	61	0.16666666666666666
3	35	47	76	0.16666666666666666
3	28	40	47	0.08333333333333333
3	23	40	76	0.16666666666666666
3	40	47	9	0.16666666666666666
3	15	68	78	0.1981203125901445
3	60	68	71	0.08333333333333333
3	16	24	43	0.16666666666666666
3	33	47	76	0.16666666666666666
3	12	40	49	0.1981203125901445
3	16	49	7	0.16666666666666666
3	43	52	77	0.16666666666666666
3	20	22	28	0.16666666666666666
3	4	62	65	0.16666666666666666
3	11	30	43	0.16666666666666666
3	37	44	61	0.16666666666666666
3	33	43	52	0.1981203125901445
3	14	15	47	0.1981203125901445
3	37	4	54	0.16666666666666666
3	47	63	8	0.16666666666666666
3	14	19	64	0.08333333333333333
3	31	37	43	0.08333333333333333
3	33	47	52	0.16666666666666666
3	10	54	78	0.16666666666666666
3	16	55	70	0.1981203125901445
3	11	62	77	0.16666666666666666
3	16	35	59	0.1981203125901445
3	12	15	64	0.16666666666666666
3	16	27	31	0.1981203125901445
3	34	43	76	0.16666666666666666
3	15	2	5	0.16666666666666666
3	2	31	80	0.16666666666666666
3	19	47	6	0.16666666666666666
3	49	5	78	0.16666666666666666
3	10	68	78	0.16666666666666666
3	36	54	8	0.16666666666666666
3	37	66	70	0.16666666666666666
3	22	52	63	0.16666666666666666
3	14	18	78	0.16666666666666666
3	16	35	52	0.16666666666666666
3	14	54	57	0.16666666666666666
3	28	49	65	0.1981203125901445
3	24	5	8	0.1981203125901446
3	27	28	30	0.16666666666666666
3	40	46	58	0.1981203125901445
3	32	75	79	0.16666666666666666
3	31	5	58	0.1981203125901446
3	14	18	43	0.16666666666666666
3	6	64	66	0.08333333333333333
3	22	30	70	0.1981203125901445
3	52	54	72	0.16666666666666666
3	28	47	69	0.08333333333333333
3	54	63	8	0.1981203125901446
3	19	47	76	0.16666666666666666
3	32	57	79	0.16666666666666666
3	46	6	76	0.1981203125901446
3	23	28	76	0.16666666666666666
3	1	30	5	0.1981203125901445
3	18	37	57	0.16666666666666666
3	24	28	8	0.1981203125901445
3	22	43	51	0.1981203125901446
3	47	5	6	0.16666666666666666
3	36	49	5	0.16666666666666666
3	28	6	76	0.1981203125901445
3	15	35	76	0.16666666666666666
3	16	35	44	0.16666666666666666
3	27	32	55	0.16666666666666666
3	40	46	70	0.1981203125901445
3	30	5	58	0.1981203125901445
3	1	44	56	0.16666666666666666
3	23	40	52	0.1981203125901445
3	15	40	49	0.16666666666666666
3	11	20	55	0.1981203125901445
3	31	68	7	0.1981203125901445
3	1	22	58	0.1981203125901445
3	52	54	8	0.16666666666666666
3	11	20	5	0.16666666666666666
3	29	33	47	0.16666666666666666
3	28	63	8	0.1981203125901445
3	57	59	6	0.16666666666666666
3	15	21	60	0.16666666666666666
3	4	47	49	0.08333333333333333
3	15	23	52	0.16666666666666666
3	49	5	60	0.16666666666666666
3	32	37	66	0.16666666666666666
3	14	35	57	0.16666666666666666
3	33	37	79	0.16666666666666666
3	19	38	43	0.16666666666666666
3	10	47	69	0.1981203125901445
3	4	49	54	0.16666666666666666
3	15	64	7	0.08333333333333333
3	15	37	59	0.16666666666666666
3	22	28	4	0.16666666666666666
3	18	40	65	0.16666666666666666
3	28	33	47	0.16666666666666666
3	35	44	45	0.16666666666666666
3	14	63	8	0.16666666666666666
3	27	28	29	0.1981203125901445
3	46	49	50	0.1981203125901446
3	5	55	6	0.16666666666666666
3	14	27	32	0.16666666666666666
3	46	77	9	0.16666666666666666
3	49	76	9	0.16666666666666666
3	34	45	72	0.16666666666666666
3	19	68	76	0.08333333333333333
3	44	47	48	0.1981203125901446
3	37	42	54	0.1981203125901446
3	19	76	9	0.1981203125901445
3	19	20	69	0.16666666666666666
3	48	56	62	0.16666666666666666
3	22	52	70	0.16666666666666666
3	14	22	63	0.16666666666666666
3	34	35	45	0.1981203125901445
3	19	49	54	0.16666666666666666
3	35	52	54	0.16666666666666666
3	2	29	6	0.16666666666666666
3	21	55	77	0.1981203125901445
3	16	27	77	0.16666666666666666
3	19	37	40	0.08333333333333333
3	1	30	72	0.16666666666666666
3	44	45	66	0.16666666666666666
3	29	62	80	0.1981203125901446
3	27	5	60	0.08333333333333333
3	47	49	51	0.16666666666666666
3	22	27	38	0.16666666666666666
3	19	68	69	0.16666666666666666
3	22	56	57	0.16666666666666666
3	19	34	66	0.16666666666666666
3	64	66	69	0.16666666666666666
3	44	54	9	0.1981203125901446
3	12	20	49	0.1981203125901445
3	14	68	9	0.16666666666666666
3	36	69	77	0.08333333333333333
3	2	34	43	0.16666666666666666
3	20	32	43	0.16666666666666666
3	2	4	40	0.1981203125901445
3	15	16	35	0.16666666666666666
3	38	6	64	0.16666666666666666
3	48	76	78	0.1981203125901445
3	16	62	71	0.16666666666666666
3	40	46	60	0.16666666666666666
3	29	46	61	0.1981203125901445
3	37	40	54	0.16666666666666666
3	19	56	70	0.1981203125901446
3	32	33	49	0.1981203125901446
3	15	28	63	0.1981203125901445
3	32	48	9	0.1981203125901445
3	47	52	63	0.16666666666666666
3	19	56	79	0.16666666666666666
3	34	43	49	0.16666666666666666
3	21	6	9	0.1981203125901445
3	37	6	9	0.1981203125901445
3	50	62	78	0.1981203125901445
3	27	28	47	0.16666666666666666
3	28	29	46	0.16666666666666666
3	35	47	69	0.1981203125901445
3	5	78	9	0.1981203125901446
3	34	68	78	0.16666666666666666
3	12	51	71	0.1981203125901445
3	27	56	60	0.16666666666666666
3	28	40	48	0.16666666666666666
3	16	22	77	0.16666666666666666
3	71	78	9	0.16666666666666666
3	29	36	77	0.16666666666666666
3	16	61	64	0.16666666666666666
3	37	49	54	0.0
3	30	55	69	0.08333333333333333
3	1	43	76	0.08333333333333333
3	15	16	64	0.1981203125901445
3	19	28	54	0.1981203125901445
3	29	4	49	0.16666666666666666
3	22	58	8	0.16666666666666666
3	15	28	71	0.16666666666666666
3	29	6	77	0.16666666666666666
3	27	32	37	0.16666666666666666
3	23	49	70	0.16666666666666666
3	14	35	75	0.16666666666666666
3	60	64	9	0.1981203125901445
3	21	29	47	0.1981203125901446
3	37	59	9	0.16666666666666666
3	10	72	78	0.1981203125901445
3	59	6	9	0.16666666666666666
3	29	37	43	0.16666666666666666
3	12	20	34	0.16666666666666666
3	23	32	54	0.16666666666666666
3	1	22	56	0.16666666666666666
3	15	19	35	0.16666666666666666
3	15	32	66	0.1981203125901446
3	4	69	8	0.16666666666666666
3	19	20	9	0.1981203125901446
3	57	68	7	0.16666666666666666
3	23	49	52	0.16666666666666666
3	26	37	65	0.16666666666666666
3	22	24	28	0.1981203125901446
3	16	55	6	0.16666666666666666
3	54	58	70	0.08333333333333333
3	10	5	55	0.16666666666666666
3	16	30	62	0.1981203125901445
3	30	49	72	0.1981203125901445
3	59	6	69	0.16666666666666666
3	32	43	9	0.16666666666666666
3	49	54	59	0.16666666666666666
3	35	45	9	0.1981203125901445
3	35	64	65	0.16666666666666666
3	2	38	6	0.1981203125901445
3	43	52	63	0.16666666666666666
3	32	52	64	0.16666666666666666
3	60	68	75	0.1981203125901445
3	14	28	8	0.16666666666666666
3	20	60	71	0.16666666666666666
3	29	64	66	0.16666666666666666
3	19	68	78	0.16666666666666666
3	4	40	68	0.16666666666666666
3	23	4	8	0.16666666666666666
3	33	52	72	0.1981203125901446
3	14	15	66	0.16666666666666666
3	16	42	61	0.16666666666666666
3	14	16	22	0.16666666666666666
3	29	4	75	0.1981203125901445
3	28	40	67	0.16666666666666666
3	68	76	78	0.16666666666666666
3	5	63	8	0.16666666666666666
3	46	55	69	0.08333333333333333
3	26	37	44	0.1981203125901445
3	45	66	9	0.16666666666666666
3	37	5	9	0.16666666666666666
3	11	43	49	0.16666666666666666
3	32	59	75	0.16666666666666666
3	28	47	49	0.16666666666666666
3	29	42	9	0.16666666666666666
3	44	56	60	0.16666666666666666
3	19	60	69	0.16666666666666666
3	35	45	78	0.16666666666666666
3	10	54	55	0.16666666666666666
3	2	20	32	0.1981203125901445
3	6	62	78	0.1981203125901446
3	29	32	57	0.16666666666666666
3	32	5	75	0.16666666666666666
3	18	66	9	0.16666666666666666
3	35	44	9	0.16666666666666666
3	33	5	66	0.08333333333333333
3	20	37	66	0.16666666666666666
3	34	6	66	0.16666666666666666
3	20	69	9	0.16666666666666666
3	14	20	61	0.1981203125901446
3	18	42	57	0.16666666666666666
3	71	76	9	0.1981203125901445
3	47	5	67	0.16666666666666666
3	34	36	66	0.16666666666666666
3	40	62	76	0.1981203125901445
3	34	36	38	0.16666666666666666
3	2	4	6	0.16666666666666666
3	12	15	23	0.1981203125901445
3	27	35	60	0.16666666666666666
3	33	36	37	0.16666666666666666
3	5	56	79	0.1981203125901445
3	32	6	76	0.16666666666666666
3	49	59	60	0.16666666666666666
3	20	70	9	0.1981203125901445
3	18	52	57	0.16666666666666666
3	14	20	55	0.16666666666666666
3	42	46	49	0.1981203125901446
3	5	56	70	0.16666666666666666
3	5	63	70	0.16666666666666666
3	2	59	6	0.16666666666666666
3	36	37	54	0.16666666666666666
3	23	35	40	0.08333333333333333
3	28	30	69	0.16666666666666666
3	35	40	76	0.16666666666666666
3	28	29	33	0.1981203125901445
3	32	54	9	0.1981203125901445
3	22	58	59	0.16666666666666666
3	36	66	69	0.08333333333333333
3	28	30	47	0.16666666666666666
3	22	33	37	0.16666666666666666
3	49	6	71	0.16666666666666666
3	4	54	8	0.1981203125901446
3	27	55	6	0.16666666666666666
3	19	49	67	0.1981203125901445
3	46	68	8	0.16666666666666666
3	15	19	71	0.16666666666666666
3	16	49	57	0.16666666666666666
3	19	5	77	0.16666666666666666
3	22	24	64	0.16666666666666666
3	56	57	75	0.1981203125901445
3	15	28	6	0.16666666666666666
3	2	43	77	0.16666666666666666
3	22	45	55	0.1981203125901445
3	19	76	78	0.16666666666666666
3	21	76	9	0.08333333333333333
3	19	40	47	0.16666666666666666
3	24	63	8	0.1981203125901446
3	11	14	62	0.16666666666666666
3	20	68	78	0.16666666666666666
3	40	5	70	0.16666666666666666
3	28	4	78	0.1981203125901446
3	46	55	8	0.16666666666666666
3	20	29	32	0.16666666666666666
3	40	46	50	0.16666666666666666
3	19	28	43	0.16666666666666666
3	29	59	78	0.16666666666666666
3	19	37	68	0.1981203125901446
3	37	44	49	0.16666666666666666
3	20	54	63	0.1981203125901446
3	18	2	34	0.16666666666666666
3	14	27	75	0.16666666666666666
3	20	62	78	0.16666666666666666
3	30	72	77	0.08333333333333333
3	22	52	58	0.16666666666666666
3	4	5	9	0.16666666666666666
3	19	62	76	0.08333333333333333
3	40	43	49	0.16666666666666666
3	34	4	45	0.16666666666666666
3	15	37	44	0.16666666666666666
3	37	54	59	0.16666666666666666
3	68	7	75	0.1981203125901445
3	57	63	8	0.16666666666666666
3	11	72	8	0.16666666666666666
3	35	43	78	0.08333333333333333
3	15	32	58	0.16666666666666666
3	36	43	55	0.16666666666666666
3	14	36	55	0.16666666666666666
3	15	69	71	0.16666666666666666
3	27	35	54	0.16666666666666666
3	32	66	8	0.1981203125901445
3	20	56	60	0.1981203125901445
3	68	71	9	0.1981203125901445
3	15	7	75	0.1981203125901445
3	22	28	48	0.16666666666666666
3	15	19	64	0.16666666666666666
3	2	32	77	0.16666666666666666
3	12	15	49	0.16666666666666666
3	16	31	71	0.1981203125901445
3	18	27	6	0.16666666666666666
3	35	52	9	0.1981203125901445
3	11	14	37	0.1981203125901445
3	14	40	70	0.16666666666666666
3	19	43	78	0.08333333333333333
3	48	60	64	0.16666666666666666
3	18	24	43	0.1981203125901445
3	47	52	69	0.16666666666666666
3	10	64	69	0.1981203125901445
3	44	5	52	0.16666666666666666
3	1	42	58	0.1981203125901445
3	76	78	9	0.1981203125901446
3	37	47	49	0.1981203125901445
3	11	16	58	0.08333333333333333
3	32	36	66	0.16666666666666666
3	28	48	62	0.16666666666666666
3	5	52	56	0.16666666666666666
3	35	43	49	0.16666666666666666
3	29	46	8	0.16666666666666666
3	34	66	69	0.16666666666666666
3	14	15	43	0.1981203125901446
3	20	29	52	0.16666666666666666
3	32	40	49	0.16666666666666666
3	48	5	60	0.16666666666666666
3	22	28	30	0.16666666666666666
3	63	66	70	0.1981203125901446
3	47	49	60	0.16666666666666666
3	2	37	42	0.1981203125901445
3	15	22	28	0.16666666666666666
3	21	33	66	0.1981203125901445
3	54	6	71	0.1981203125901445
3	21	22	29	0.16666666666666666
3	21	6	77	0.16666666666666666
3	11	25	5	0.1981203125901445
3	29	62	66	0.1981203125901445
3	29	47	6	0.16666666666666666
3	6	66	77	0.08333333333333333
3	33	36	5	0.16666666666666666
3	2	28	37	0.1981203125901445
3	1	43	77	0.16666666666666666
3	40	46	9	0.08333333333333333
3	66	69	8	0.16666666666666666
3	16	52	62	0.16666666666666666
3	2	35	77	0.16666666666666666
3	22	70	75	0.16666666666666666
3	18	33	43	0.16666666666666666
3	28	42	54	0.16666666666666666
3	40	67	9	0.16666666666666666
3	46	51	59	0.1981203125901446
3	32	4	5	0.16666666666666666
3	16	52	63	0.08333333333333333
3	48	66	69	0.08333333333333333
3	31	6	68	0.1981203125901446
3	28	30	4	0.16666666666666666
3	43	5	55	0.16666666666666666
3	40	59	64	0.1981203125901445
3	55	59	63	0.1981203125901445
3	16	43	61	0.16666666666666666
3	11	2	64	0.16666666666666666
3	47	6	76	0.08333333333333333
3	21	22	9	0.16666666666666666
3	20	48	64	0.1981203125901445
3	56	60	65	0.16666666666666666
3	2	29	42	0.1981203125901445
3	22	29	49	0.1981203125901445
3	51	59	6	0.1981203125901446
3	14	22	65	0.1981203125901446
3	28	37	40	0.16666666666666666
3	40	70	76	0.16666666666666666
3	33	49	56	0.16666666666666666
3	37	44	77	0.16666666666666666
3	10	34	55	0.16666666666666666
3	36	63	8	0.16666666666666666
3	31	68	80	0.16666666666666666
3	23	24	40	0.16666666666666666
3	14	15	21	0.08333333333333333
3	48	56	60	0.16666666666666666
3	24	6	77	0.16666666666666666
3	32	36	5	0.16666666666666666
3	37	38	59	0.1981203125901445
3	21	68	7	0.1981203125901445
3	4	40	67	0.16666666666666666
3	52	64	7	0.1981203125901445
3	37	4	9	0.16666666666666666
3	14	60	68	0.16666666666666666
3	15	31	75	0.16666666666666666
3	43	49	60	0.16666666666666666
3	34	36	79	0.1981203125901445
3	32	70	75	0.16666666666666666
3	22	31	64	0.16666666666666666
3	19	64	77	0.16666666666666666
3	6	69	77	0.1981203125901445
3	14	4	58	0.16666666666666666
3	32	6	64	0.16666666666666666
3	2	23	77	0.1981203125901445
3	1	20	56	0.16666666666666666
3	12	34	79	0.16666666666666666
3	20	51	66	0.16666666666666666
3	27	48	75	0.16666666666666666
3	15	2	6	0.08333333333333333
3	19	33	66	0.08333333333333333
3	14	22	55	0.16666666666666666
3	20	4	40	0.1981203125901445
3	11	33	72	0.16666666666666666
3	19	64	71	0.16666666666666666
3	24	62	70	0.16666666666666666
3	15	21	23	0.1981203125901445
3	28	43	63	0.1981203125901445
3	32	52	57	0.16666666666666666
3	19	35	71	0.1981203125901445
3	12	47	67	0.16666666666666666
3	45	69	78	0.16666666666666666
3	15	21	28	0.16666666666666666
3	30	5	72	0.16666666666666666
3	24	57	79	0.1981203125901445
3	15	36	66	0.16666666666666666
3	43	66	9	0.16666666666666666
3	24	32	43	0.16666666666666666
3	2	37	40	0.16666666666666666
3	23	60	68	0.1981203125901445
3	35	43	9	0.16666666666666666
3	22	27	71	0.1981203125901446
3	1	22	33	0.1981203125901446
3	27	5	75	0.16666666666666666
3	18	68	78	0.16666666666666666
3	15	2	29	0.1981203125901445
3	21	7	77	0.16666666666666666
3	4	62	69	0.1981203125901445
3	47	55	69	0.16666666666666666
3	28	47	70	0.16666666666666666
3	11	22	65	0.16666666666666666
3	1	30	8	0.1981203125901445
3	15	28	35	0.16666666666666666
3	55	6	69	0.16666666666666666
3	11	33	47	0.16666666666666666
3	19	5	9	0.1981203125901445
3	32	59	66	0.16666666666666666
3	15	2	40	0.16666666666666666
3	35	67	70	0.1981203125901445
3	29	66	67	0.1981203125901445
3	24	43	66	0.16666666666666666
3	20	40	78	0.1981203125901445
3	22	28	6	0.1981203125901446
3	2	34	77	0.16666666666666666
3	42	66	69	0.16666666666666666
3	14	43	75	0.16666666666666666
3	44	55	76	0.16666666666666666
3	5	52	58	0.08333333333333333
3	27	37	76	0.16666666666666666
3	14	22	28	0.16666666666666666
3	37	55	56	0.16666666666666666
3	38	43	6	0.16666666666666666
3	18	47	6	0.16666666666666666
3	28	4	8	0.16666666666666666
3	18	30	31	0.16666666666666666
3	27	52	54	0.08333333333333333
3	33	37	76	0.16666666666666666
3	2	27	32	0.16666666666666666
3	33	37	5	0.16666666666666666
3	54	60	71	0.08333333333333333
3	33	37	59	0.16666666666666666
3	5	57	69	0.16666666666666666
3	1	37	64	0.16666666666666666
3	15	58	6	0.16666666666666666
3	38	44	45	0.16666666666666666
3	15	49	54	0.16666666666666666
3	28	44	54	0.16666666666666666
3	43	51	6	0.1981203125901445
3	46	58	75	0.1981203125901445
3	32	57	59	0.16666666666666666
3	16	31	6	0.16666666666666666
3	27	47	5	0.1981203125901445
3	24	34	77	0.16666666666666666
3	28	76	78	0.1981203125901445
3	43	6	66	0.08333333333333333
3	2	37	76	0.16666666666666666
3	19	69	77	0.1981203125901445
3	30	43	55	0.16666666666666666
3	47	58	61	0.16666666666666666
3	21	28	77	0.16666666666666666
3	37	40	66	0.16666666666666666
3	31	5	76	0.16666666666666666
3	55	69	8	0.16666666666666666
3	20	61	7	0.16666666666666666
3	48	56	58	0.1981203125901445
3	16	43	49	0.16666666666666666
3	54	59	66	0.16666666666666666
3	32	37	45	0.16666666666666666
3	11	47	63	0.16666666666666666
3	5	67	70	0.1981203125901445
3	66	69	71	0.16666666666666666
3	11	16	42	0.16666666666666666
3	20	28	78	0.1981203125901446
3	2	27	37	0.1981203125901445
3	22	43	66	0.16666666666666666
3	18	30	58	0.16666666666666666
3	4	56	79	0.1981203125901446
3	28	68	76	0.16666666666666666
3	43	5	8	0.16666666666666666
3	4	40	49	0.16666666666666666
3	4	60	9	0.16666666666666666
3	28	40	78	0.1981203125901445
3	21	54	62	0.16666666666666666
3	14	20	68	0.16666666666666666
3	33	43	49	0.16666666666666666
3	5	56	60	0.16666666666666666
3	37	66	76	0.16666666666666666
3	12	15	42	0.1981203125901445
3	19	27	60	0.16666666666666666
3	12	32	64	0.16666666666666666
3	14	57	8	0.16666666666666666
3	24	62	77	0.16666666666666666
3	43	58	61	0.16666666666666666
3	22	34	49	0.16666666666666666
3	47	63	66	0.16666666666666666
3	19	59	77	0.16666666666666666
3	20	64	7	0.16666666666666666
3	20	31	54	0.1981203125901446
3	24	6	66	0.1981203125901445
3	32	52	59	0.16666666666666666
3	33	47	58	0.16666666666666666
3	54	66	72	0.16666666666666666
3	32	5	77	0.16666666666666666
3	23	54	55	0.16666666666666666
3	19	33	56	0.16666666666666666
3	18	64	7	0.16666666666666666
3	16	42	57	0.16666666666666666
3	43	62	8	0.1981203125901445
3	14	60	64	0.08333333333333333
3	48	54	71	0.08333333333333333
3	35	54	59	0.16666666666666666
3	20	54	62	0.16666666666666666
3	37	5	78	0.16666666666666666
3	18	43	5	0.16666666666666666
3	29	32	43	0.1981203125901445
3	16	43	58	0.16666666666666666
3	18	27	28	0.16666666666666666
3	51	54	71	0.16666666666666666
3	27	48	54	0.16666666666666666
3	22	31	71	0.1981203125901445
3	1	72	8	0.1981203125901445
3	43	49	59	0.16666666666666666
3	12	22	55	0.16666666666666666
3	43	54	58	0.16666666666666666
3	5	58	75	0.1981203125901445
3	19	6	71	0.08333333333333333
3	35	76	78	0.16666666666666666
3	15	62	71	0.16666666666666666
3	37	54	9	0.16666666666666666
3	23	40	49	0.16666666666666666
3	19	59	62	0.16666666666666666
3	32	64	78	0.16666666666666666
3	24	43	63	0.1981203125901446
3	15	28	47	0.16666666666666666
3	32	38	55	0.1981203125901446
3	21	66	9	0.16666666666666666
3	29	42	66	0.1981203125901445
3	34	51	71	0.1981203125901445
3	16	30	49	0.1981203125901445
3	34	46	78	0.16666666666666666
3	45	54	9	0.1981203125901445
3	20	48	69	0.16666666666666666
3	16	22	43	0.1981203125901445
3	6	76	77	0.16666666666666666
3	37	4	43	0.16666666666666666
3	35	54	70	0.08333333333333333
3	19	4	76	0.16666666666666666
3	2	27	55	0.16666666666666666
3	22	64	66	0.1981203125901446
3	19	33	70	0.08333333333333333
3	40	47	70	0.16666666666666666
3	11	33	70	0.16666666666666666
3	59	62	9	0.16666666666666666
3	49	56	57	0.1981203125901445
3	20	54	70	0.1981203125901445
3	28	29	35	0.16666666666666666
3	20	54	66	0.16666666666666666
3	28	35	78	0.16666666666666666
3	15	54	59	0.08333333333333333
3	11	42	52	0.1981203125901445
3	30	35	76	0.08333333333333333
3	20	27	54	0.16666666666666666
3	20	37	54	0.08333333333333333
3	36	72	79	0.16666666666666666
3	46	57	63	0.16666666666666666
3	29	49	70	0.16666666666666666
3	19	20	64	0.16666666666666666
3	19	68	70	0.16666666666666666
3	16	32	5	0.16666666666666666
3	37	5	76	0.16666666666666666
3	27	32	75	0.16666666666666666
3	12	64	67	0.1981203125901445
3	11	37	59	0.16666666666666666
3	24	28	47	0.16666666666666666
3	12	23	79	0.16666666666666666
3	43	57	77	0.1981203125901446
3	19	21	56	0.16666666666666666
3	2	43	6	0.16666666666666666
3	16	5	58	0.16666666666666666
3	18	2	58	0.1981203125901446
3	14	37	79	0.1981203125901446
3	12	35	54	0.16666666666666666
3	57	68	8	0.16666666666666666
3	19	38	76	0.1981203125901445
3	15	40	47	0.16666666666666666
3	4	40	5	0.1981203125901445
3	4	65	75	0.1981203125901445
3	11	15	42	0.1981203125901445
3	14	57	60	0.1981203125901446
3	11	6	77	0.1981203125901445
3	15	31	64	0.16666666666666666
3	18	58	6	0.16666666666666666
3	20	27	35	0.16666666666666666
3	23	54	71	0.16666666666666666
3	28	40	76	0.1981203125901445
3	36	54	55	0.16666666666666666
3	15	2	63	0.16666666666666666
3	49	5	51	0.1981203125901446
3	54	57	70	0.16666666666666666
3	27	47	60	0.16666666666666666
3	19	40	43	0.16666666666666666
3	36	6	76	0.16666666666666666
3	19	6	68	0.16666666666666666
3	22	29	71	0.16666666666666666
3	52	57	8	0.1981203125901445
3	32	5	57	0.16666666666666666
3	2	47	55	0.1981203125901445
3	23	28	54	0.08333333333333333
3	11	47	49	0.16666666666666666
3	40	59	78	0.16666666666666666
3	2	43	55	0.08333333333333333
3	37	55	76	0.16666666666666666
3	40	78	9	0.16666666666666666
3	5	58	70	0.08333333333333333
3	19	46	76	0.16666666666666666
3	30	55	70	0.16666666666666666
3	15	62	77	0.16666666666666666
3	55	69	76	0.1981203125901445
3	27	49	60	0.16666666666666666
3	22	63	64	0.1981203125901446
3	16	27	58	0.16666666666666666
3	60	68	9	0.1981203125901445
3	15	47	60	0.16666666666666666
3	46	48	69	0.16666666666666666
3	27	28	75	0.16666666666666666
3	23	4	63	0.1981203125901445
3	20	32	57	0.16666666666666666
3	47	76	9	0.08333333333333333
3	47	69	77	0.1981203125901445
3	34	36	76	0.16666666666666666
3	48	76	9	0.1981203125901445
3	28	30	77	0.16666666666666666
3	32	43	75	0.16666666666666666
3	28	5	9	0.1981203125901445
3	2	6	63	0.16666666666666666
3	46	58	6	0.1981203125901445
3	6	62	76	0.1981203125901445
3	14	27	52	0.16666666666666666
3	28	36	70	0.16666666666666666
3	20	47	52	0.16666666666666666
3	33	46	56	0.08333333333333333
3	36	48	72	0.16666666666666666
3	23	40	54	0.16666666666666666
3	2	40	47	0.16666666666666666
3	5	60	69	0.1981203125901446
3	29	5	9	0.08333333333333333
3	32	52	76	0.16666666666666666
3	24	57	8	0.1981203125901445
3	24	32	40	0.16666666666666666
3	22	58	70	0.16666666666666666
3	32	42	75	0.16666666666666666
3	19	70	9	0.1981203125901445
3	32	47	57	0.16666666666666666
3	19	71	78	0.16666666666666666
3	14	4	40	0.16666666666666666
3	5	69	8	0.08333333333333333
3	35	64	66	0.1981203125901445
3	23	32	37	0.1981203125901445
3	19	46	66	0.16666666666666666
3	28	40	52	0.1981203125901446
3	29	37	66	0.08333333333333333
3	14	42	9	0.16666666666666666
3	14	15	60	0.16666666666666666
3	40	43	76	0.16666666666666666
3	14	37	40	0.1981203125901445
3	15	19	20	0.16666666666666666
3	46	55	63	0.16666666666666666
3	43	6	62	0.1981203125901445
3	37	71	78	0.16666666666666666
3	12	23	40	0.1981203125901445
3	2	24	8	0.16666666666666666
3	27	29	35	0.16666666666666666
3	38	54	59	0.08333333333333333
3	32	52	75	0.16666666666666666
3	19	6	77	0.16666666666666666
3	1	4	43	0.16666666666666666
3	2	55	6	0.16666666666666666
3	2	76	8	0.1981203125901446
3	28	34	43	0.16666666666666666
3	36	58	77	0.16666666666666666
3	47	48	75	0.1981203125901445
3	32	59	77	0.16666666666666666
3	18	6	66	0.16666666666666666
3	14	40	58	0.16666666666666666
3	34	44	67	0.16666666666666666
3	18	40	47	0.08333333333333333
3	21	60	8	0.1981203125901445
3	44	47	67	0.16666666666666666
3	14	15	16	0.16666666666666666
3	31	36	72	0.16666666666666666
3	15	35	57	0.16666666666666666
3	23	51	71	0.1981203125901445
3	40	5	60	0.08333333333333333
3	27	72	75	0.08333333333333333
3	2	32	4	0.16666666666666666
3	43	54	78	0.16666666666666666
3	20	40	60	0.16666666666666666
3	29	36	49	0.1981203125901445
3	29	32	59	0.16666666666666666
3	14	35	65	0.16666666666666666
3	33	5	55	0.16666666666666666
3	14	28	36	0.16666666666666666
3	19	62	78	0.16666666666666666
3	43	49	6	0.16666666666666666
3	6	71	9	0.16666666666666666
3	43	76	8	0.16666666666666666
3	62	71	76	0.1981203125901446
3	27	38	5	0.1981203125901445
3	22	24	43	0.1981203125901445
3	19	33	5	0.08333333333333333
3	11	16	57	0.16666666666666666
3	14	19	62	0.16666666666666666
3	16	36	63	0.16666666666666666
3	18	42	9	0.16666666666666666
3	40	47	76	0.16666666666666666
3	19	33	76	0.08333333333333333
3	44	48	69	0.16666666666666666
3	23	25	38	0.1981203125901445
3	32	49	52	0.16666666666666666
3	2	32	43	0.08333333333333333
3	22	52	64	0.08333333333333333
3	29	43	6	0.1981203125901445
3	14	31	35	0.1981203125901446
3	21	23	54	0.1981203125901446
3	2	38	69	0.1981203125901446
3	20	22	63	0.1981203125901445
3	2	77	8	0.16666666666666666
3	18	28	40	0.16666666666666666
3	34	43	69	0.16666666666666666
3	2	29	47	0.16666666666666666
3	35	40	78	0.16666666666666666
3	18	2	52	0.08333333333333333
3	2	22	28	0.16666666666666666
3	37	46	49	0.16666666666666666
3	4	54	59	0.16666666666666666
3	28	30	72	0.16666666666666666
3	24	30	55	0.16666666666666666
3	14	18	21	0.1981203125901445
3	32	48	5	0.16666666666666666
3	2	51	59	0.1981203125901446
3	19	28	37	0.1981203125901446
3	1	16	43	0.16666666666666666
3	35	59	60	0.1981203125901445
3	1	30	56	0.1981203125901446
3	5	6	66	0.16666666666666666
3	42	52	57	0.1981203125901445
3	47	6	63	0.16666666666666666
3	14	32	65	0.1981203125901445
3	36	49	61	0.16666666666666666
3	10	64	78	0.1981203125901445
3	1	30	47	0.16666666666666666
3	29	47	77	0.16666666666666666
3	5	6	72	0.16666666666666666
3	11	49	54	0.16666666666666666
3	40	62	9	0.1981203125901446
3	1	60	70	0.16666666666666666
3	27	5	76	0.1981203125901445
3	27	32	5	0.16666666666666666
3	19	38	45	0.1981203125901445
3	46	68	9	0.1981203125901445
3	59	6	72	0.16666666666666666
3	38	42	69	0.1981203125901446
3	10	42	55	0.16666666666666666
3	37	43	51	0.16666666666666666
3	23	54	70	0.16666666666666666
3	34	66	71	0.16666666666666666
3	40	54	62	0.16666666666666666
3	28	77	78	0.16666666666666666
3	22	37	49	0.16666666666666666
3	32	47	77	0.16666666666666666
3	19	40	76	0.16666666666666666
3	18	6	9	0.16666666666666666
3	27	54	71	0.1981203125901445
3	36	5	75	0.16666666666666666
3	5	58	8	0.16666666666666666
3	15	19	45	0.16666666666666666
3	19	71	76	0.1981203125901445
3	16	51	71	0.16666666666666666
3	14	18	28	0.16666666666666666
3	24	32	6	0.16666666666666666
3	4	43	8	0.16666666666666666
3	66	77	9	0.1981203125901445
3	31	35	76	0.16666666666666666
3	11	14	54	0.16666666666666666
3	4	65	67	0.16666666666666666
3	40	54	58	0.16666666666666666
3	32	49	65	0.16666666666666666
3	40	59	9	0.16666666666666666
3	55	59	64	0.1981203125901445
3	49	5	80	0.16666666666666666
3	42	6	76	0.16666666666666666
3	33	37	49	0.16666666666666666
3	28	30	76	0.16666666666666666
3	36	57	77	0.16666666666666666
3	11	52	54	0.1981203125901446
3	10	35	5	0.1981203125901446
3	40	5	58	0.1981203125901446
3	32	37	49	0.16666666666666666
3	40	76	9	0.16666666666666666
3	5	66	8	0.16666666666666666
3	22	37	57	0.16666666666666666
3	40	5	78	0.16666666666666666
3	37	5	63	0.16666666666666666
3	36	54	59	0.16666666666666666
3	43	61	8	0.16666666666666666
3	22	43	76	0.16666666666666666
3	37	46	61	0.08333333333333333
3	12	22	28	0.1981203125901445
3	15	22	52	0.16666666666666666
3	2	52	64	0.16666666666666666
3	30	72	9	0.16666666666666666
3	2	58	6	0.16666666666666666
3	22	24	56	0.16666666666666666
3	15	37	49	0.16666666666666666
3	66	72	8	0.08333333333333333
3	19	30	62	0.1981203125901446
3	12	18	23	0.08333333333333333
3	15	5	52	0.08333333333333333
3	44	67	68	0.16666666666666666
3	11	43	58	0.16666666666666666
3	15	33	6	0.16666666666666666
3	16	33	59	0.16666666666666666
3	18	43	63	0.16666666666666666
3	18	28	63	0.16666666666666666
3	32	37	5	0.16666666666666666
3	28	36	54	0.16666666666666666
3	5	72	9	0.1981203125901445
3	22	66	70	0.1981203125901445
3	1	47	60	0.16666666666666666
3	15	31	36	0.1981203125901445
3	40	47	78	0.08333333333333333
3	24	66	77	0.16666666666666666
3	47	67	9	0.16666666666666666
3	19	40	78	0.16666666666666666
3	52	76	9	0.16666666666666666
3	11	37	77	0.1981203125901445
3	37	46	77	0.16666666666666666
3	28	54	58	0.1981203125901445
3	58	59	6	0.16666666666666666
3	14	20	75	0.16666666666666666
3	14	4	78	0.16666666666666666
3	1	72	76	0.16666666666666666
3	11	37	71	0.16666666666666666
3	36	43	61	0.1981203125901445
3	22	57	8	0.1981203125901446
3	28	33	46	0.16666666666666666
3	46	60	8	0.16666666666666666
3	14	20	35	0.16666666666666666
3	16	63	70	0.16666666666666666
3	15	19	66	0.16666666666666666
3	11	43	62	0.1981203125901445
3	22	27	6	0.16666666666666666
3	30	54	70	0.16666666666666666
3	66	69	9	0.16666666666666666
3	16	31	4	0.1981203125901445
3	23	29	49	0.16666666666666666
3	20	32	49	0.1981203125901445
3	27	49	54	0.16666666666666666
3	28	37	62	0.16666666666666666
3	29	33	77	0.16666666666666666
3	10	38	55	0.1981203125901445
3	20	72	77	0.16666666666666666
3	28	71	77	0.16666666666666666
3	1	4	56	0.16666666666666666
3	29	32	76	0.1981203125901445
3	22	58	71	0.16666666666666666
3	12	15	47	0.1981203125901445
3	15	19	33	0.16666666666666666
3	68	7	70	0.1981203125901445
3	15	52	54	0.08333333333333333
3	20	35	66	0.16666666666666666
3	1	36	58	0.1981203125901446
3	14	34	57	0.16666666666666666
3	14	28	78	0.16666666666666666
3	22	28	49	0.1981203125901445
3	43	55	77	0.1981203125901446
3	19	43	54	0.16666666666666666
3	46	57	8	0.16666666666666666
3	14	28	34	0.16666666666666666
3	14	22	70	0.16666666666666666
3	32	40	70	0.16666666666666666
3	2	20	63	0.1981203125901446
3	20	32	48	0.1981203125901445
3	32	58	6	0.16666666666666666
3	12	19	20	0.16666666666666666
3	2	38	59	0.1981203125901446
3	32	54	58	0.16666666666666666
3	23	40	59	0.16666666666666666
3	21	4	9	0.1981203125901446
3	14	20	47	0.1981203125901445
3	2	54	58	0.16666666666666666
3	10	35	65	0.16666666666666666
3	46	48	58	0.1981203125901445
3	44	71	9	0.16666666666666666
3	31	72	8	0.1981203125901445
3	16	63	71	0.16666666666666666
3	20	66	69	0.08333333333333333
3	30	69	77	0.16666666666666666
3	38	59	6	0.16666666666666666
3	59	68	9	0.16666666666666666
3	14	15	59	0.1981203125901445
3	14	24	27	0.16666666666666666
3	22	51	64	0.16666666666666666
3	15	16	58	0.16666666666666666
3	35	49	76	0.16666666666666666
3	10	43	5	0.1981203125901446
3	37	46	76	0.16666666666666666
3	23	35	52	0.16666666666666666
3	19	54	62	0.1981203125901446
3	49	54	71	0.08333333333333333
3	27	35	5	0.16666666666666666
3	19	59	69	0.16666666666666666
3	42	76	9	0.08333333333333333
3	21	36	6	0.1981203125901446
3	44	61	68	0.1981203125901445
3	35	44	78	0.16666666666666666
3	28	37	70	0.16666666666666666
3	19	43	49	0.08333333333333333
3	10	35	78	0.16666666666666666
3	19	21	28	0.1981203125901445
3	32	49	6	0.16666666666666666
3	33	36	49	0.16666666666666666
3	19	33	75	0.16666666666666666
3	43	58	76	0.16666666666666666
3	22	29	4	0.16666666666666666
3	47	6	69	0.16666666666666666
3	28	43	78	0.1981203125901445
3	12	18	68	0.16666666666666666
3	43	55	78	0.16666666666666666
3	54	55	8	0.16666666666666666
3	29	32	78	0.16666666666666666
3	48	64	66	0.16666666666666666
3	60	71	9	0.1981203125901445
3	37	47	57	0.1981203125901445
3	37	5	61	0.1981203125901445
3	1	7	70	0.16666666666666666
3	32	43	48	0.16666666666666666
3	62	66	9	0.16666666666666666
3	40	59	67	0.1981203125901445
3	38	69	78	0.1981203125901445
3	14	22	27	0.08333333333333333
3	15	29	37	0.16666666666666666
3	14	36	62	0.16666666666666666
3	24	37	55	0.1981203125901445
3	60	66	71	0.16666666666666666
3	10	45	55	0.1981203125901446
3	29	42	77	0.16666666666666666
3	11	22	54	0.1981203125901445
3	59	60	9	0.1981203125901445
3	11	2	37	0.08333333333333333
3	14	28	43	0.1981203125901445
3	14	43	60	0.16666666666666666
3	24	40	46	0.16666666666666666
3	43	59	66	0.16666666666666666
3	22	34	55	0.08333333333333333
3	21	35	9	0.1981203125901445
3	36	37	49	0.1981203125901446
3	2	27	6	0.16666666666666666
3	47	57	69	0.16666666666666666
3	29	43	78	0.1981203125901445
3	14	57	75	0.16666666666666666
3	32	57	8	0.16666666666666666
3	29	32	77	0.16666666666666666
3	24	30	62	0.1981203125901446
3	15	31	5	0.08333333333333333
3	11	15	33	0.16666666666666666
3	19	37	71	0.16666666666666666
3	37	45	5	0.16666666666666666
3	28	43	77	0.16666666666666666
3	4	40	64	0.1981203125901445
3	37	45	55	0.16666666666666666
3	47	60	61	0.16666666666666666
3	37	43	5	0.16666666666666666
3	28	52	57	0.16666666666666666
3	14	59	9	0.1981203125901445
3	14	21	4	0.16666666666666666
3	22	29	37	0.1981203125901445
3	37	43	76	0.16666666666666666
3	20	63	72	0.1981203125901446
3	4	56	60	0.16666666666666666
3	34	36	72	0.16666666666666666
3	4	47	58	0.16666666666666666
3	21	47	71	0.1981203125901445
3	19	5	6	0.16666666666666666
3	47	49	70	0.08333333333333333
3	10	55	69	0.16666666666666666
3	42	62	78	0.16666666666666666
3	37	6	66	0.16666666666666666
3	14	24	32	0.08333333333333333
3	34	62	77	0.16666666666666666
3	11	14	42	0.16666666666666666
3	10	47	5	0.1981203125901445
3	36	49	75	0.16666666666666666
3	15	22	58	0.16666666666666666
3	2	47	6	0.16666666666666666
3	18	30	75	0.1981203125901445
3	28	34	37	0.16666666666666666
3	33	43	76	0.16666666666666666
3	58	6	77	0.16666666666666666
3	11	43	57	0.16666666666666666
3	12	72	75	0.16666666666666666
3	47	69	8	0.1981203125901445
3	32	64	76	0.16666666666666666
3	20	40	52	0.1981203125901445
3	14	21	22	0.16666666666666666
3	18	51	64	0.16666666666666666
3	19	33	43	0.16666666666666666
3	11	43	54	0.16666666666666666
3	2	4	43	0.1981203125901445
3	36	6	69	0.16666666666666666
3	54	59	62	0.1981203125901445
3	28	54	9	0.16666666666666666
3	42	66	76	0.16666666666666666
3	15	19	6	0.16666666666666666
3	1	62	77	0.16666666666666666
3	19	30	56	0.1981203125901445
3	43	49	54	0.08333333333333333
3	32	42	76	0.16666666666666666
3	30	37	9	0.16666666666666666
3	27	36	49	0.1981203125901446
3	43	60	8	0.16666666666666666
3	14	61	64	0.1981203125901445
3	43	55	59	0.16666666666666666
3	29	52	77	0.1981203125901445
3	29	30	52	0.16666666666666666
3	15	4	6	0.16666666666666666
3	33	36	77	0.16666666666666666
3	16	46	58	0.16666666666666666
3	32	52	58	0.16666666666666666
3	1	27	7	0.16666666666666666
3	31	75	77	0.1981203125901445
3	23	52	54	0.08333333333333333
3	11	2	43	0.08333333333333333
3	38	54	55	0.16666666666666666
3	34	4	67	0.16666666666666666
3	36	69	79	0.1981203125901445
3	22	33	58	0.16666666666666666
3	10	5	72	0.1981203125901445
3	16	22	52	0.16666666666666666
3	32	52	77	0.16666666666666666
3	23	40	45	0.16666666666666666
3	18	47	51	0.16666666666666666
3	19	37	62	0.16666666666666666
3	14	68	78	0.08333333333333333
3	36	59	72	0.16666666666666666
3	19	37	9	0.1981203125901446
3	22	28	64	0.16666666666666666
3	20	5	55	0.16666666666666666
3	1	44	47	0.16666666666666666
3	19	35	40	0.16666666666666666
3	12	32	49	0.1981203125901445
3	11	62	69	0.16666666666666666
3	32	5	67	0.16666666666666666
3	27	56	7	0.1981203125901445
3	20	22	65	0.16666666666666666
3	15	23	5	0.16666666666666666
3	32	67	75	0.16666666666666666
3	36	66	72	0.08333333333333333
3	14	54	58	0.16666666666666666
3	20	22	56	0.16666666666666666
3	40	49	78	0.1981203125901445
3	14	19	70	0.16666666666666666
3	16	31	46	0.1981203125901445
3	1	77	8	0.16666666666666666
3	54	66	70	0.16666666666666666
3	15	16	6	0.16666666666666666
3	12	18	2	0.16666666666666666
3	28	33	36	0.1981203125901445
3	22	27	56	0.16666666666666666
3	15	21	47	0.16666666666666666
3	19	49	76	0.08333333333333333
3	42	46	55	0.16666666666666666
3	15	2	32	0.16666666666666666
3	16	58	59	0.16666666666666666
3	11	37	57	0.16666666666666666
3	32	44	45	0.16666666666666666
3	28	30	37	0.16666666666666666
3	18	63	70	0.16666666666666666
3	27	38	44	0.1981203125901445
3	46	56	7	0.16666666666666666
3	28	62	8	0.16666666666666666
3	14	35	43	0.08333333333333333
3	48	54	58	0.16666666666666666
3	47	57	8	0.16666666666666666
3	28	37	76	0.16666666666666666
3	24	77	79	0.1981203125901446
3	15	33	47	0.16666666666666666
3	16	4	63	0.16666666666666666
3	21	22	58	0.08333333333333333
3	1	75	76	0.1981203125901445
3	20	55	6	0.16666666666666666
3	12	22	71	0.16666666666666666
3	19	49	59	0.16666666666666666
3	36	58	61	0.16666666666666666
3	35	40	43	0.16666666666666666
3	16	30	5	0.1981203125901445
3	23	60	75	0.1981203125901445
3	22	37	64	0.16666666666666666
3	48	54	62	0.16666666666666666
3	11	37	49	0.16666666666666666
3	1	46	8	0.16666666666666666
3	32	49	75	0.08333333333333333
3	5	58	80	0.1981203125901445
3	37	65	66	0.16666666666666666
3	29	32	9	0.16666666666666666
3	4	40	78	0.1981203125901445
3	28	42	9	0.16666666666666666
3	2	43	63	0.16666666666666666
3	49	5	57	0.16666666666666666
3	11	52	63	0.16666666666666666
3	19	20	40	0.16666666666666666
3	22	24	30	0.16666666666666666
3	37	49	5	0.0
3	12	34	62	0.16666666666666666
3	19	20	77	0.16666666666666666
3	32	59	6	0.16666666666666666
3	22	59	6	0.16666666666666666
3	1	34	43	0.16666666666666666
3	28	59	75	0.1981203125901445
3	35	43	69	0.16666666666666666
3	4	42	9	0.16666666666666666
3	15	37	5	0.16666666666666666
3	27	43	76	0.1981203125901445
3	24	37	79	0.1981203125901445
3	15	6	64	0.16666666666666666
3	28	30	48	0.16666666666666666
3	62	75	77	0.16666666666666666
3	14	34	62	0.16666666666666666
3	19	37	49	0.1981203125901445
3	19	6	64	0.16666666666666666
3	6	68	78	0.16666666666666666
3	36	43	69	0.1981203125901446
3	43	62	77	0.16666666666666666
3	35	54	57	0.16666666666666666
3	40	54	59	0.08333333333333333
3	19	56	59	0.1981203125901445
3	60	66	69	0.1981203125901446
3	11	37	62	0.16666666666666666
3	11	59	77	0.16666666666666666
3	40	68	76	0.16666666666666666
3	15	24	6	0.16666666666666666
3	6	62	66	0.1981203125901445
3	16	57	62	0.16666666666666666
3	12	18	65	0.08333333333333333
3	43	54	55	0.16666666666666666
3	20	22	37	0.1981203125901446
3	32	49	70	0.16666666666666666
3	31	59	68	0.1981203125901445
3	15	43	49	0.1981203125901445
3	28	54	6	0.1981203125901445
3	12	49	72	0.1981203125901445
3	48	62	78	0.1981203125901446
3	23	60	70	0.1981203125901445
3	14	32	58	0.08333333333333333
3	46	49	70	0.1981203125901445
3	32	47	9	0.1981203125901446
3	22	34	45	0.16666666666666666
3	15	35	43	0.16666666666666666
3	22	27	58	0.16666666666666666
3	22	37	54	0.16666666666666666
3	6	72	77	0.16666666666666666
3	18	47	69	0.1981203125901446
3	2	27	28	0.1981203125901445
3	11	24	79	0.1981203125901445
3	15	19	56	0.08333333333333333
3	31	37	56	0.1981203125901445
3	1	16	77	0.16666666666666666
3	44	45	54	0.16666666666666666
3	14	21	8	0.16666666666666666
3	52	54	9	0.16666666666666666
3	23	27	32	0.16666666666666666
3	15	26	62	0.16666666666666666
3	16	33	71	0.16666666666666666
3	55	69	77	0.16666666666666666
3	19	20	35	0.16666666666666666
3	19	37	45	0.16666666666666666
3	32	59	78	0.16666666666666666
3	29	32	4	0.08333333333333333
3	2	32	59	0.16666666666666666
3	30	47	52	0.16666666666666666
3	1	56	60	0.08333333333333333
3	32	76	9	0.16666666666666666
3	44	5	67	0.16666666666666666
3	47	71	78	0.16666666666666666
3	11	5	77	0.16666666666666666
3	37	47	75	0.1981203125901445
3	40	49	65	0.16666666666666666
3	21	60	9	0.1981203125901445
3	30	5	69	0.1981203125901445
3	55	69	70	0.1981203125901445
3	62	63	8	0.16666666666666666
3	23	54	60	0.08333333333333333
3	48	62	76	0.1981203125901445
3	27	55	77	0.08333333333333333
3	14	47	48	0.1981203125901446
3	45	72	9	0.16666666666666666
3	29	59	66	0.16666666666666666
3	14	16	60	0.1981203125901445
3	19	70	76	0.16666666666666666
3	24	62	8	0.1981203125901445
3	16	44	7	0.16666666666666666
3	18	30	52	0.16666666666666666
3	37	59	6	0.16666666666666666
3	21	22	49	0.1981203125901445
3	20	62	66	0.16666666666666666
3	46	61	70	0.1981203125901445
3	30	61	8	0.16666666666666666
3	35	40	54	0.16666666666666666
3	5	69	78	0.1981203125901445
3	19	60	71	0.16666666666666666
3	2	6	72	0.16666666666666666
3	51	54	8	0.1981203125901445
3	54	71	9	0.16666666666666666
3	23	31	37	0.08333333333333333
3	12	22	34	0.16666666666666666
3	24	47	5	0.1981203125901446
3	6	68	76	0.16666666666666666
3	15	60	64	0.1981203125901445
3	52	54	62	0.08333333333333333
3	38	68	69	0.1981203125901445
3	16	31	36	0.16666666666666666
3	22	37	45	0.16666666666666666
3	10	29	5	0.1981203125901445
3	20	29	57	0.16666666666666666
3	28	36	8	0.1981203125901446
3	1	47	75	0.1981203125901445
3	29	52	59	0.16666666666666666
3	11	30	55	0.1981203125901445
3	2	29	37	0.08333333333333333
3	14	21	35	0.08333333333333333
3	32	37	4	0.16666666666666666
3	14	64	66	0.08333333333333333
3	46	56	75	0.16666666666666666
3	40	67	78	0.08333333333333333
3	4	48	62	0.16666666666666666
3	36	49	70	0.1981203125901445
3	29	36	75	0.16666666666666666
3	40	49	59	0.16666666666666666
3	54	62	70	0.08333333333333333
3	14	22	58	0.16666666666666666
3	19	43	6	0.16666666666666666
3	16	18	47	0.1981203125901445
3	15	19	43	0.16666666666666666
3	24	46	6	0.16666666666666666
3	22	48	56	0.16666666666666666
3	29	4	62	0.16666666666666666
3	28	71	76	0.16666666666666666
3	31	35	68	0.1981203125901445
3	46	56	70	0.16666666666666666
3	12	35	64	0.1981203125901445
3	36	43	63	0.16666666666666666
3	1	4	47	0.1981203125901445
3	28	40	54	0.16666666666666666
3	34	57	72	0.1981203125901445
3	19	33	37	0.08333333333333333
3	16	43	55	0.08333333333333333
3	21	36	54	0.1981203125901446
3	1	49	56	0.16666666666666666
3	43	52	62	0.1981203125901445
3	22	71	80	0.1981203125901445
3	12	15	19	0.1981203125901446
3	20	32	37	0.16666666666666666
3	23	37	54	0.16666666666666666
3	40	49	76	0.1981203125901445
3	14	37	70	0.16666666666666666
3	38	44	48	0.16666666666666666
3	55	59	69	0.1981203125901446
3	1	30	62	0.16666666666666666
3	38	42	55	0.16666666666666666
3	5	66	9	0.16666666666666666
3	20	47	9	0.16666666666666666
3	32	43	8	0.08333333333333333
3	28	37	57	0.16666666666666666
3	5	57	63	0.16666666666666666
3	23	68	76	0.16666666666666666
3	32	33	37	0.16666666666666666
3	30	62	80	0.1981203125901445
3	11	20	63	0.16666666666666666
3	14	18	63	0.16666666666666666
3	32	37	42	0.1981203125901445
3	10	62	78	0.1981203125901445
3	23	28	49	0.16666666666666666
3	15	63	71	0.16666666666666666
3	30	6	66	0.16666666666666666
3	12	21	23	0.16666666666666666
3	20	29	5	0.16666666666666666
3	40	49	9	0.16666666666666666
3	10	38	72	0.1981203125901445
3	52	68	7	0.16666666666666666
3	4	59	9	0.16666666666666666
3	29	57	80	0.1981203125901445
3	14	21	28	0.1981203125901445
3	34	43	55	0.08333333333333333
3	22	48	71	0.08333333333333333
3	37	71	9	0.1981203125901445
3	22	76	8	0.16666666666666666
3	1	43	8	0.16666666666666666
3	32	38	6	0.16666666666666666
3	2	29	76	0.1981203125901445
3	23	57	8	0.16666666666666666
3	29	4	60	0.08333333333333333
3	22	51	8	0.16666666666666666
3	2	23	37	0.16666666666666666
3	31	54	71	0.1981203125901446
3	29	59	9	0.16666666666666666
3	11	22	43	0.1981203125901446
3	32	44	54	0.1981203125901445
3	49	6	76	0.16666666666666666
3	15	19	62	0.08333333333333333
3	11	5	6	0.16666666666666666
3	59	76	9	0.1981203125901445
3	27	35	43	0.16666666666666666
3	29	49	65	0.1981203125901445
3	37	54	57	0.16666666666666666
3	37	44	76	0.16666666666666666
3	15	43	7	0.1981203125901446
3	22	28	71	0.08333333333333333
3	33	37	71	0.16666666666666666
3	1	7	76	0.16666666666666666
3	32	45	55	0.1981203125901445
3	27	56	75	0.16666666666666666
3	42	72	77	0.16666666666666666
3	14	24	6	0.16666666666666666
3	18	63	64	0.1981203125901446
3	52	54	70	0.16666666666666666
3	27	47	52	0.16666666666666666
3	37	43	55	0.16666666666666666
3	40	46	49	0.08333333333333333
3	28	43	6	0.1981203125901445
3	20	27	37	0.16666666666666666
3	5	77	8	0.16666666666666666
3	22	34	78	0.1981203125901445
3	14	28	58	0.16666666666666666
3	36	38	55	0.16666666666666666
3	2	28	70	0.16666666666666666
3	32	64	75	0.08333333333333333
3	37	5	72	0.16666666666666666
3	14	58	8	0.16666666666666666
3	15	20	6	0.16666666666666666
3	30	5	52	0.16666666666666666
3	34	45	55	0.1981203125901445
3	21	28	40	0.1981203125901445
3	35	49	64	0.16666666666666666
3	14	24	28	0.16666666666666666
3	15	37	71	0.16666666666666666
3	14	15	36	0.1981203125901445
3	14	35	64	0.16666666666666666
3	15	36	7	0.16666666666666666
3	27	38	54	0.16666666666666666
3	15	22	5	0.1981203125901445
3	28	33	59	0.1981203125901445
3	14	22	37	0.16666666666666666
3	18	28	30	0.16666666666666666
3	6	69	78	0.16666666666666666
3	31	37	59	0.16666666666666666
3	4	42	62	0.1981203125901445
3	24	46	63	0.16666666666666666
3	32	54	8	0.16666666666666666
3	12	32	4	0.16666666666666666
3	2	29	52	0.1981203125901446
3	37	47	66	0.16666666666666666
3	15	31	71	0.16666666666666666
3	33	56	67	0.16666666666666666
3	51	71	72	0.1981203125901445
3	32	47	58	0.1981203125901445
3	36	54	72	0.16666666666666666
3	40	49	68	0.1981203125901445
3	20	5	9	0.1981203125901445
3	36	63	72	0.16666666666666666
3	28	75	77	0.16666666666666666
3	27	54	60	0.08333333333333333
3	19	33	77	0.16666666666666666
3	19	33	46	0.16666666666666666
3	15	32	52	0.16666666666666666
3	6	66	76	0.1981203125901445
3	30	5	55	0.16666666666666666
3	30	72	75	0.16666666666666666
3	37	47	79	0.1981203125901445
3	32	45	5	0.1981203125901445
3	46	6	77	0.16666666666666666
3	20	48	66	0.16666666666666666
3	19	70	77	0.16666666666666666
3	27	37	57	0.16666666666666666
3	22	37	55	0.16666666666666666
3	14	24	55	0.16666666666666666
3	27	30	75	0.16666666666666666
3	18	37	5	0.1981203125901445
3	30	31	72	0.16666666666666666
3	5	6	63	0.16666666666666666
3	29	4	47	0.16666666666666666
3	19	62	66	0.16666666666666666
3	62	66	8	0.16666666666666666
3	18	2	28	0.1981203125901446
3	37	43	78	0.16666666666666666
3	12	21	72	0.16666666666666666
3	4	40	45	0.1981203125901445
3	16	47	63	0.16666666666666666
3	22	33	5	0.16666666666666666
3	19	6	62	0.16666666666666666
3	68	76	8	0.16666666666666666
3	15	28	37	0.16666666666666666
3	19	68	9	0.1981203125901445
3	27	32	54	0.16666666666666666
3	54	70	75	0.16666666666666666
3	19	20	47	0.1981203125901445
3	5	58	6	0.16666666666666666
3	10	47	78	0.16666666666666666
3	35	4	60	0.16666666666666666
3	21	61	76	0.1981203125901445
3	29	60	64	0.16666666666666666
3	36	62	75	0.1981203125901445
3	36	6	68	0.16666666666666666
3	10	34	78	0.1981203125901445
3	18	5	70	0.16666666666666666
3	16	57	63	0.0
3	28	40	68	0.16666666666666666
3	28	34	6	0.1981203125901445
3	18	20	63	0.16666666666666666
3	22	34	51	0.1981203125901446
3	14	61	8	0.16666666666666666
3	14	15	42	0.1981203125901445
3	45	54	78	0.16666666666666666
3	38	59	68	0.1981203125901446
3	16	7	71	0.16666666666666666
3	42	49	78	0.1981203125901445
3	24	64	7	0.1981203125901446
3	29	5	60	0.16666666666666666
3	22	63	8	0.16666666666666666
3	20	37	46	0.16666666666666666
3	30	43	49	0.16666666666666666
3	43	57	76	0.16666666666666666
3	47	72	77	0.16666666666666666
3	22	24	8	0.1981203125901446
3	21	40	47	0.16666666666666666
3	16	31	43	0.16666666666666666
3	2	6	77	0.16666666666666666
3	12	64	65	0.16666666666666666
3	32	64	66	0.16666666666666666
3	47	52	57	0.16666666666666666
3	24	37	46	0.16666666666666666
3	22	28	34	0.16666666666666666
3	14	64	79	0.1981203125901446
3	28	46	55	0.1981203125901445
3	44	45	69	0.1981203125901446
3	19	43	60	0.16666666666666666
3	31	64	7	0.16666666666666666
3	19	27	68	0.16666666666666666
3	18	2	24	0.16666666666666666
3	2	5	52	0.16666666666666666
3	34	43	51	0.16666666666666666
3	29	35	70	0.16666666666666666
3	54	58	71	0.08333333333333333
3	47	67	78	0.16666666666666666
3	28	6	71	0.16666666666666666
3	48	49	54	0.16666666666666666
3	29	6	71	0.08333333333333333
3	47	52	58	0.16666666666666666
3	33	43	6	0.16666666666666666
3	18	42	66	0.16666666666666666
3	18	2	42	0.16666666666666666
3	20	28	48	0.1981203125901445
3	15	6	66	0.1981203125901445
3	20	32	6	0.16666666666666666
3	35	5	60	0.1981203125901445
3	43	57	7	0.1981203125901446
3	15	35	65	0.16666666666666666
3	35	49	54	0.16666666666666666
3	33	66	77	0.16666666666666666
3	29	66	77	0.08333333333333333
3	46	66	69	0.16666666666666666
3	22	28	45	0.16666666666666666
3	28	29	47	0.16666666666666666
3	37	40	78	0.16666666666666666
3	18	5	51	0.1981203125901445
3	15	37	6	0.1981203125901445
3	16	22	70	0.16666666666666666
3	27	37	75	0.16666666666666666
3	15	28	62	0.16666666666666666
3	18	43	57	0.08333333333333333
3	22	25	34	0.1981203125901446
3	33	47	67	0.16666666666666666
3	47	69	78	0.16666666666666666
3	45	55	69	0.1981203125901446
3	12	19	64	0.16666666666666666
3	30	54	6	0.16666666666666666
3	22	37	66	0.16666666666666666
3	29	32	49	0.1981203125901446
3	36	62	79	0.1981203125901445
3	59	78	9	0.16666666666666666
3	35	40	5	0.16666666666666666
3	19	20	43	0.16666666666666666
3	15	16	21	0.16666666666666666
3	19	28	40	0.16666666666666666
3	47	61	76	0.16666666666666666
3	18	2	47	0.16666666666666666
3	34	6	71	0.16666666666666666
3	42	54	62	0.1981203125901446
3	2	6	76	0.16666666666666666
3	1	16	7	0.16666666666666666
3	29	37	9	0.1981203125901446
3	20	35	40	0.08333333333333333
3	18	6	78	0.08333333333333333
3	16	18	63	0.16666666666666666
3	23	38	72	0.1981203125901445
3	42	46	76	0.1981203125901445
3	2	43	76	0.16666666666666666
3	23	28	8	0.1981203125901446
3	23	62	77	0.16666666666666666
3	40	52	70	0.16666666666666666
3	24	34	43	0.16666666666666666
3	14	20	52	0.16666666666666666
3	31	59	6	0.16666666666666666
3	55	77	8	0.1981203125901445
3	10	38	5	0.1981203125901445
3	15	2	43	0.16666666666666666
3	23	32	49	0.16666666666666666
3	14	40	78	0.16666666666666666
3	49	54	78	0.08333333333333333
3	23	37	72	0.16666666666666666
3	15	43	6	0.16666666666666666
3	20	40	66	0.16666666666666666
3	12	34	43	0.16666666666666666
3	27	28	52	0.16666666666666666
3	37	43	61	0.16666666666666666
3	23	62	8	0.08333333333333333
3	21	54	72	0.16666666666666666
3	44	5	55	0.16666666666666666
3	32	54	57	0.16666666666666666
3	19	49	70	0.1981203125901446
3	43	49	9	0.16666666666666666
3	14	52	68	0.1981203125901446
3	49	59	6	0.16666666666666666
3	30	5	56	0.1981203125901445
3	19	21	68	0.1981203125901445
3	49	5	56	0.16666666666666666
3	27	58	75	0.16666666666666666
3	16	21	58	0.16666666666666666
3	18	65	66	0.1981203125901445
3	2	24	28	0.16666666666666666
3	19	21	9	0.16666666666666666
3	20	52	54	0.16666666666666666
3	37	46	66	0.16666666666666666
3	10	46	78	0.1981203125901445
3	24	32	77	0.16666666666666666
3	40	70	9	0.16666666666666666
3	24	28	77	0.16666666666666666
3	52	56	69	0.1981203125901445
3	20	54	72	0.16666666666666666
3	29	42	78	0.08333333333333333
3	27	46	55	0.1981203125901446
3	20	5	69	0.1981203125901446
3	2	44	80	0.1981203125901445
3	15	5	69	0.16666666666666666
3	43	49	76	0.16666666666666666
3	23	32	78	0.1981203125901446
3	16	21	62	0.16666666666666666
3	19	28	68	0.16666666666666666
3	47	58	71	0.16666666666666666
3	22	27	64	0.1981203125901446
3	28	5	6	0.16666666666666666
3	29	36	76	0.1981203125901445
3	15	21	58	0.16666666666666666
3	35	40	49	0.08333333333333333
3	55	59	78	0.1981203125901445
3	18	57	63	0.16666666666666666
3	33	66	72	0.16666666666666666
3	36	43	52	0.16666666666666666
3	14	15	64	0.16666666666666666
3	23	37	5	0.16666666666666666
3	28	4	40	0.1981203125901445
3	19	35	64	0.1981203125901445
3	2	28	8	0.16666666666666666
3	40	49	54	0.08333333333333333
3	54	62	75	0.16666666666666666
3	32	44	55	0.1981203125901445
3	4	43	6	0.1981203125901446
3	12	2	22	0.16666666666666666
3	2	34	72	0.1981203125901445
3	2	37	66	0.1981203125901446
3	58	76	8	0.16666666666666666
3	16	58	7	0.16666666666666666
3	4	5	6	0.16666666666666666
3	19	40	49	0.16666666666666666
3	15	22	77	0.16666666666666666
3	11	14	15	0.16666666666666666
3	29	71	9	0.16666666666666666
3	2	28	44	0.16666666666666666
3	35	43	59	0.16666666666666666
3	33	49	5	0.16666666666666666
3	43	5	9	0.1981203125901446
3	29	49	9	0.1981203125901445
3	47	71	9	0.16666666666666666
3	29	35	71	0.16666666666666666
3	22	37	56	0.16666666666666666
3	15	43	57	0.16666666666666666
3	72	76	9	0.08333333333333333
3	12	65	67	0.1981203125901445
3	19	27	6	0.16666666666666666
3	29	32	42	0.16666666666666666
3	24	5	77	0.16666666666666666
3	46	66	9	0.16666666666666666
3	31	5	8	0.16666666666666666
3	12	32	54	0.16666666666666666
3	20	35	69	0.16666666666666666
3	63	69	8	0.16666666666666666
3	32	43	57	0.16666666666666666
3	42	55	76	0.16666666666666666
3	14	36	37	0.16666666666666666
3	5	56	75	0.1981203125901445
3	33	43	66	0.16666666666666666
3	11	20	37	0.16666666666666666
3	6	69	76	0.16666666666666666
3	32	47	52	0.16666666666666666
3	21	36	66	0.16666666666666666
3	19	28	69	0.16666666666666666
3	14	34	43	0.16666666666666666
3	29	35	52	0.1981203125901446
3	14	58	75	0.16666666666666666
3	15	20	54	0.16666666666666666
3	29	36	52	0.1981203125901446
3	46	56	58	0.1981203125901445
3	29	62	71	0.1981203125901446
3	34	45	71	0.1981203125901445
3	40	52	59	0.1981203125901445
3	15	47	69	0.08333333333333333
3	16	18	42	0.16666666666666666
3	28	34	52	0.1981203125901445
3	48	65	75	0.1981203125901445
3	16	64	7	0.16666666666666666
3	15	31	6	0.16666666666666666
3	37	62	77	0.16666666666666666
3	46	59	9	0.1981203125901445
3	28	65	75	0.1981203125901445
3	2	6	64	0.16666666666666666
3	36	43	6	0.08333333333333333
3	37	43	59	0.16666666666666666
3	46	69	9	0.16666666666666666
3	12	23	54	0.16666666666666666
3	11	15	43	0.1981203125901445
3	12	15	67	0.16666666666666666
3	36	5	6	0.1981203125901445
3	15	49	6	0.1981203125901446
3	33	49	72	0.1981203125901445
3	42	51	66	0.1981203125901446
3	32	42	54	0.16666666666666666
3	52	54	57	0.16666666666666666
3	60	64	66	0.1981203125901445
3	31	6	76	0.16666666666666666
3	23	28	35	0.16666666666666666
3	42	44	9	0.16666666666666666
3	19	46	56	0.16666666666666666
3	20	6	66	0.16666666666666666
3	16	62	63	0.16666666666666666
3	32	52	54	0.08333333333333333
3	23	49	57	0.16666666666666666
3	14	37	68	0.16666666666666666
3	16	18	30	0.16666666666666666
3	15	19	76	0.08333333333333333
3	33	66	67	0.1981203125901445
3	15	23	54	0.16666666666666666
3	35	47	67	0.16666666666666666
3	1	56	62	0.16666666666666666
3	54	59	67	0.16666666666666666
3	31	5	75	0.16666666666666666
3	11	2	8	0.08333333333333333
3	11	30	37	0.1981203125901445
3	37	46	9	0.08333333333333333
3	18	21	30	0.16666666666666666
3	4	40	48	0.16666666666666666
3	12	18	28	0.16666666666666666
3	14	4	79	0.1981203125901446
3	15	5	80	0.1981203125901446
3	54	59	9	0.16666666666666666
3	14	19	43	0.08333333333333333
3	58	6	76	0.1981203125901445
3	44	68	7	0.16666666666666666
3	40	60	75	0.16666666666666666
3	34	72	76	0.16666666666666666
3	29	38	5	0.1981203125901445
3	24	56	62	0.16666666666666666
3	2	64	76	0.16666666666666666
3	11	15	6	0.16666666666666666
3	2	29	32	0.16666666666666666
3	24	5	63	0.1981203125901445
3	31	62	8	0.16666666666666666
3	36	62	77	0.16666666666666666
3	11	33	6	0.16666666666666666
3	14	18	52	0.1981203125901445
3	23	40	66	0.1981203125901445
3	14	35	70	0.16666666666666666
3	4	47	9	0.16666666666666666
3	28	44	47	0.1981203125901446
3	29	64	80	0.1981203125901446
3	11	15	5	0.16666666666666666
3	49	5	52	0.08333333333333333
3	29	42	52	0.16666666666666666
3	52	54	58	0.08333333333333333
3	30	31	5	0.1981203125901446
3	20	40	46	0.08333333333333333
3	42	62	66	0.1981203125901446
3	4	5	58	0.1981203125901446
3	14	36	61	0.16666666666666666
3	34	54	6	0.16666666666666666
3	43	54	59	0.16666666666666666
3	32	43	51	0.16666666666666666
3	30	48	72	0.1981203125901446
3	29	47	78	0.16666666666666666
3	4	69	78	0.16666666666666666
3	19	69	78	0.16666666666666666
3	37	54	75	0.16666666666666666
3	1	37	59	0.16666666666666666
3	14	20	48	0.1981203125901445
3	28	57	8	0.16666666666666666
3	32	33	75	0.16666666666666666
3	49	5	76	0.16666666666666666
3	22	59	66	0.16666666666666666
3	12	18	34	0.16666666666666666
3	46	49	9	0.16666666666666666
3	19	62	68	0.16666666666666666
3	48	60	69	0.16666666666666666
3	69	76	9	0.16666666666666666
3	44	67	78	0.16666666666666666
3	18	43	51	0.1981203125901445
3	60	68	8	0.1981203125901445
3	22	37	9	0.1981203125901445
3	20	29	71	0.16666666666666666
3	31	37	68	0.1981203125901445
3	2	37	70	0.16666666666666666
3	19	5	66	0.16666666666666666
3	19	37	5	0.08333333333333333
3	48	5	9	0.1981203125901445
3	2	32	36	0.1981203125901446
3	19	37	76	0.16666666666666666
3	37	44	78	0.16666666666666666
3	68	71	77	0.16666666666666666
3	19	40	71	0.1981203125901446
3	32	33	43	0.16666666666666666
3	1	5	56	0.1981203125901445
3	35	4	43	0.16666666666666666
3	21	72	8	0.16666666666666666
3	15	16	7	0.1981203125901445
3	37	68	71	0.1981203125901445
3	35	4	64	0.1981203125901445
3	49	54	9	0.16666666666666666
3	43	58	6	0.16666666666666666
3	14	34	37	0.16666666666666666
3	23	68	78	0.1981203125901445
3	24	40	62	0.16666666666666666
3	43	59	78	0.16666666666666666
3	22	24	77	0.16666666666666666
3	28	54	71	0.08333333333333333
3	16	22	27	0.16666666666666666
3	44	61	76	0.16666666666666666
3	1	20	60	0.16666666666666666
3	14	24	34	0.16666666666666666
3	20	32	58	0.1981203125901445
3	22	55	8	0.1981203125901446
3	19	66	69	0.16666666666666666
3	4	59	6	0.16666666666666666
3	2	66	8	0.16666666666666666
3	20	37	43	0.16666666666666666
3	42	54	55	0.16666666666666666
3	35	49	9	0.16666666666666666
3	15	6	62	0.16666666666666666
3	2	40	70	0.1981203125901445
3	15	26	67	0.1981203125901446
3	20	4	47	0.16666666666666666
3	38	55	59	0.1981203125901445
3	23	27	37	0.1981203125901445
3	19	43	75	0.16666666666666666
3	2	63	64	0.16666666666666666
3	34	37	54	0.16666666666666666
3	14	18	42	0.1981203125901446
3	66	71	8	0.1981203125901446
3	27	49	5	0.16666666666666666
3	18	23	52	0.08333333333333333
3	32	36	6	0.1981203125901445
3	5	60	8	0.16666666666666666
3	37	54	70	0.08333333333333333
3	34	55	76	0.16666666666666666
3	54	66	71	0.1981203125901445
3	22	76	9	0.16666666666666666
3	33	37	70	0.16666666666666666
3	61	64	76	0.16666666666666666
3	12	15	62	0.16666666666666666
3	38	55	6	0.1981203125901445
3	12	19	49	0.1981203125901446
3	19	27	56	0.1981203125901445
3	21	54	55	0.16666666666666666
3	16	58	63	0.1981203125901445
3	40	47	48	0.16666666666666666
3	28	52	54	0.16666666666666666
3	19	43	76	0.16666666666666666
3	16	6	64	0.1981203125901446
3	34	76	77	0.16666666666666666
3	59	77	9	0.16666666666666666
3	32	5	6	0.16666666666666666
3	15	29	35	0.1981203125901445
3	57	59	63	0.1981203125901446
3	19	43	45	0.16666666666666666
3	14	21	62	0.16666666666666666
3	47	58	75	0.1981203125901446
3	54	57	59	0.08333333333333333
3	2	23	29	0.16666666666666666
3	29	44	71	0.1981203125901445
3	32	44	79	0.1981203125901445
3	22	28	8	0.16666666666666666
3	14	57	6	0.16666666666666666
3	43	76	9	0.16666666666666666
3	21	29	9	0.16666666666666666
3	51	64	71	0.1981203125901445
3	14	28	75	0.1981203125901445
3	16	35	71	0.16666666666666666
3	18	2	70	0.16666666666666666
3	31	64	80	0.16666666666666666
3	14	43	9	0.1981203125901445
3	34	4	78	0.16666666666666666
3	20	60	66	0.1981203125901446
3	2	32	47	0.16666666666666666
3	14	64	75	0.16666666666666666
3	20	62	77	0.16666666666666666
3	12	23	35	0.16666666666666666
3	36	59	6	0.16666666666666666
3	30	43	6	0.1981203125901446
3	18	28	52	0.16666666666666666
3	37	61	64	0.16666666666666666
3	29	66	9	0.16666666666666666
3	35	64	9	0.16666666666666666
3	66	70	8	0.1981203125901445
3	22	28	63	0.16666666666666666
3	28	49	54	0.16666666666666666
3	15	33	5	0.16666666666666666
3	4	40	60	0.08333333333333333
3	15	20	71	0.16666666666666666
3	11	63	72	0.16666666666666666
3	40	45	78	0.16666666666666666
3	16	18	6	0.16666666666666666
3	47	5	60	0.1981203125901445
3	5	60	70	0.16666666666666666
3	19	76	77	0.1981203125901445
3	35	64	67	0.1981203125901446
3	22	58	75	0.16666666666666666
3	19	54	71	0.16666666666666666
3	16	32	43	0.16666666666666666
3	18	6	63	0.16666666666666666
3	15	72	77	0.1981203125901445
3	1	11	43	0.16666666666666666
3	47	69	70	0.1981203125901446
3	14	52	58	0.16666666666666666
3	37	47	76	0.16666666666666666
3	19	20	76	0.08333333333333333
3	15	21	7	0.08333333333333333
3	11	54	62	0.16666666666666666
3	21	22	28	0.1981203125901445
3	14	27	54	0.16666666666666666
3	42	6	68	0.1981203125901445
3	14	32	64	0.16666666666666666
3	37	55	6	0.16666666666666666
3	15	35	47	0.16666666666666666
3	44	60	71	0.16666666666666666
3	11	14	20	0.1981203125901445
3	59	76	78	0.1981203125901445
3	28	58	77	0.1981203125901445
3	27	47	6	0.16666666666666666
3	16	22	5	0.1981203125901445
3	47	49	71	0.16666666666666666
3	28	5	70	0.1981203125901446
3	28	48	54	0.16666666666666666
3	37	49	65	0.16666666666666666
3	4	47	78	0.16666666666666666
3	28	34	54	0.16666666666666666
3	25	46	8	0.16666666666666666
3	28	30	58	0.1981203125901446
3	44	55	56	0.16666666666666666
3	20	47	69	0.1981203125901446
3	11	22	33	0.16666666666666666
3	2	22	58	0.16666666666666666
3	28	29	76	0.16666666666666666
3	19	40	68	0.16666666666666666
3	40	62	78	0.16666666666666666
3	5	52	70	0.08333333333333333
3	29	35	78	0.1981203125901445
3	15	21	68	0.16666666666666666
3	23	47	69	0.16666666666666666
3	16	58	77	0.16666666666666666
3	10	55	78	0.1981203125901445
3	40	54	67	0.16666666666666666
3	30	47	6	0.16666666666666666
3	15	47	71	0.1981203125901446
3	22	34	43	0.16666666666666666
3	12	46	79	0.1981203125901446
3	44	47	61	0.16666666666666666
3	2	69	8	0.16666666666666666
3	68	7	79	0.1981203125901446
3	27	64	7	0.16666666666666666
3	37	4	5	0.16666666666666666
3	1	46	56	0.0
3	24	40	5	0.16666666666666666
3	15	23	62	0.16666666666666666
3	33	47	70	0.16666666666666666
3	30	52	54	0.08333333333333333
3	11	43	76	0.1981203125901445
3	34	66	76	0.16666666666666666
3	22	47	71	0.16666666666666666
3	33	46	58	0.16666666666666666
3	32	44	9	0.16666666666666666
3	29	61	64	0.1981203125901446
3	15	16	43	0.16666666666666666
3	18	68	9	0.1981203125901446
3	21	36	7	0.1981203125901445
3	34	43	66	0.16666666666666666
3	18	2	63	0.16666666666666666
3	5	6	77	0.16666666666666666
3	12	34	36	0.1981203125901445
3	19	60	70	0.1981203125901446
3	22	64	65	0.16666666666666666
3	20	54	9	0.16666666666666666
3	19	59	60	0.1981203125901445
3	49	56	70	0.16666666666666666
3	37	76	9	0.08333333333333333
3	22	34	66	0.16666666666666666
3	19	68	77	0.16666666666666666
3	59	6	62	0.16666666666666666
3	20	37	65	0.16666666666666666
3	14	28	48	0.1981203125901445
3	6	71	76	0.1981203125901446
3	12	20	54	0.16666666666666666
3	24	32	37	0.16666666666666666
3	19	43	59	0.16666666666666666
3	37	44	55	0.1981203125901445
3	1	60	69	0.16666666666666666
3	37	5	57	0.16666666666666666
3	4	48	69	0.16666666666666666
3	15	23	32	0.1981203125901446
3	60	65	69	0.16666666666666666
3	48	62	66	0.16666666666666666
3	40	58	70	0.16666666666666666
3	40	60	68	0.16666666666666666
3	37	43	63	0.16666666666666666
3	18	5	52	0.16666666666666666
3	37	45	54	0.16666666666666666
3	20	37	9	0.1981203125901446
3	6	76	9	0.16666666666666666
3	32	43	55	0.1981203125901446
3	29	44	77	0.1981203125901445
3	2	23	54	0.1981203125901445
3	28	35	67	0.16666666666666666
3	22	43	63	0.1981203125901446
3	60	70	71	0.16666666666666666
3	1	33	47	0.16666666666666666
3	20	35	76	0.1981203125901445
3	36	6	77	0.16666666666666666
3	36	62	63	0.16666666666666666
3	19	27	62	0.1981203125901446
3	59	60	68	0.16666666666666666
3	27	34	77	0.1981203125901446
3	18	23	51	0.1981203125901445
3	54	60	8	0.08333333333333333
3	12	23	32	0.16666666666666666
3	1	22	37	0.1981203125901445
3	20	72	78	0.1981203125901445
3	24	5	70	0.1981203125901446
3	22	37	75	0.16666666666666666
3	54	71	78	0.08333333333333333
3	14	43	57	0.1981203125901445
3	30	35	69	0.1981203125901446
3	15	54	6	0.1981203125901445
3	31	34	43	0.08333333333333333
3	14	15	58	0.16666666666666666
3	54	62	71	0.16666666666666666
3	19	4	56	0.1981203125901445
3	25	36	8	0.1981203125901446
3	46	49	6	0.1981203125901445
3	20	57	63	0.1981203125901445
3	47	58	76	0.16666666666666666
3	16	27	7	0.16666666666666666
3	32	43	66	0.16666666666666666
3	6	71	78	0.16666666666666666
3	22	24	70	0.16666666666666666
3	54	59	6	0.16666666666666666
3	21	5	67	0.1981203125901446
3	14	37	66	0.16666666666666666
3	49	61	76	0.16666666666666666
3	20	34	66	0.16666666666666666
3	15	28	43	0.16666666666666666
3	20	43	57	0.1981203125901446
3	2	32	70	0.1981203125901446
3	18	43	52	0.16666666666666666
3	11	33	58	0.16666666666666666
3	14	43	55	0.08333333333333333
3	60	69	9	0.1981203125901445
3	19	43	9	0.08333333333333333
3	14	40	60	0.16666666666666666
3	18	28	34	0.1981203125901445
3	48	60	71	0.16666666666666666
3	5	66	67	0.16666666666666666
3	11	16	63	0.16666666666666666
3	32	58	8	0.16666666666666666
3	14	18	64	0.1981203125901445
3	46	58	70	0.16666666666666666
3	11	33	49	0.16666666666666666
3	22	30	52	0.16666666666666666
3	14	19	60	0.16666666666666666
3	30	48	69	0.16666666666666666
3	14	15	37	0.16666666666666666
3	37	40	9	0.1981203125901446
3	36	37	66	0.16666666666666666
3	20	40	58	0.16666666666666666
3	32	5	58	0.16666666666666666
3	4	5	67	0.16666666666666666
3	30	37	43	0.16666666666666666
3	27	52	75	0.16666666666666666
3	69	71	77	0.16666666666666666
3	48	68	69	0.16666666666666666
3	18	20	51	0.1981203125901446
3	15	32	75	0.16666666666666666
3	15	19	69	0.16666666666666666
3	14	20	28	0.16666666666666666
3	23	4	40	0.16666666666666666
3	24	32	59	0.1981203125901445
3	36	57	8	0.16666666666666666
3	4	47	70	0.16666666666666666
3	23	38	54	0.16666666666666666
3	16	20	6	0.1981203125901446
3	22	38	59	0.1981203125901445
3	22	48	9	0.16666666666666666
3	32	5	78	0.16666666666666666
3	1	22	47	0.1981203125901446
3	6	66	72	0.16666666666666666
3	15	36	62	0.1981203125901445
3	27	37	5	0.16666666666666666
3	28	40	62	0.16666666666666666
3	11	14	64	0.1981203125901445
3	16	27	47	0.16666666666666666
3	29	33	57	0.1981203125901445
3	29	52	8	0.16666666666666666
3	16	32	58	0.16666666666666666
3	52	54	67	0.1981203125901445
3	27	55	56	0.16666666666666666
3	28	34	67	0.16666666666666666
3	6	62	71	0.16666666666666666
3	40	43	60	0.16666666666666666
3	22	37	43	0.16666666666666666
3	47	57	60	0.16666666666666666
3	23	40	67	0.16666666666666666
3	15	19	37	0.08333333333333333
3	14	15	32	0.1981203125901445
3	24	28	62	0.1981203125901445
3	37	42	9	0.1981203125901445
3	32	59	9	0.16666666666666666
3	23	31	5	0.16666666666666666
3	14	4	8	0.1981203125901446
3	68	7	76	0.16666666666666666
3	42	68	9	0.16666666666666666
3	12	15	34	0.1981203125901445
3	11	5	55	0.1981203125901445
3	35	47	66	0.16666666666666666
3	29	46	9	0.1981203125901445
3	2	37	5	0.16666666666666666
3	27	55	76	0.16666666666666666
3	38	51	59	0.1981203125901445
3	15	31	37	0.16666666666666666
3	28	37	63	0.1981203125901446
3	32	48	65	0.1981203125901445
3	31	47	5	0.16666666666666666
3	34	4	76	0.16666666666666666
3	16	33	70	0.1981203125901445
3	38	6	72	0.1981203125901445
3	11	33	7	0.16666666666666666
3	47	61	8	0.16666666666666666
3	16	36	6	0.16666666666666666
3	28	54	8	0.08333333333333333
3	14	48	62	0.1981203125901445
3	43	5	52	0.16666666666666666
3	14	27	60	0.16666666666666666
3	2	28	29	0.1981203125901445
3	31	5	80	0.16666666666666666
3	15	24	37	0.1981203125901445
3	16	22	63	0.16666666666666666
3	22	48	64	0.16666666666666666
3	29	32	5	0.16666666666666666
3	46	61	8	0.16666666666666666
3	23	32	52	0.16666666666666666
3	19	47	49	0.08333333333333333
3	38	44	78	0.1981203125901446
3	1	4	5	0.16666666666666666
3	40	48	65	0.16666666666666666
3	2	55	59	0.1981203125901446
3	16	61	7	0.1981203125901445
3	46	66	8	0.08333333333333333
3	20	32	47	0.16666666666666666
3	11	42	62	0.1981203125901446
3	64	76	78	0.16666666666666666
3	14	40	47	0.16666666666666666
3	14	28	37	0.1981203125901446
3	20	34	55	0.08333333333333333
3	2	32	55	0.16666666666666666
3	22	45	64	0.1981203125901445
3	18	27	5	0.16666666666666666
3	43	6	76	0.1981203125901446
3	2	44	55	0.16666666666666666
3	1	36	8	0.1981203125901446
3	6	72	76	0.08333333333333333
3	29	77	8	0.16666666666666666
3	32	4	48	0.16666666666666666
3	42	76	78	0.16666666666666666
3	14	21	54	0.16666666666666666
3	30	47	58	0.16666666666666666
3	37	68	78	0.16666666666666666
3	37	45	78	0.16666666666666666
3	29	4	76	0.16666666666666666
3	1	47	76	0.16666666666666666
3	29	60	66	0.1981203125901445
3	28	47	52	0.16666666666666666
3	46	55	6	0.16666666666666666
3	56	65	79	0.1981203125901445
3	34	72	78	0.1981203125901445
3	35	40	47	0.0
3	33	43	57	0.16666666666666666
3	1	49	7	0.16666666666666666
3	11	22	55	0.1981203125901446
3	11	14	43	0.1981203125901445
3	22	31	5	0.16666666666666666
3	11	16	43	0.16666666666666666
3	5	52	63	0.16666666666666666
3	4	40	70	0.08333333333333333
3	66	76	8	0.1981203125901445
3	19	62	70	0.1981203125901445
3	11	24	62	0.1981203125901445
3	34	67	78	0.16666666666666666
3	4	5	72	0.1981203125901445
3	14	32	57	0.1981203125901445
3	14	65	66	0.16666666666666666
3	18	37	9	0.1981203125901445
3	29	47	76	0.16666666666666666
3	55	63	8	0.16666666666666666
3	27	32	77	0.16666666666666666
3	23	57	63	0.16666666666666666
3	23	28	52	0.08333333333333333
3	18	5	9	0.16666666666666666
3	2	44	8	0.16666666666666666
3	18	43	58	0.16666666666666666
3	33	5	67	0.16666666666666666
3	15	28	54	0.16666666666666666
3	32	33	66	0.1981203125901445
3	22	29	33	0.1981203125901446
3	54	62	9	0.08333333333333333
3	30	76	9	0.16666666666666666
3	22	5	9	0.1981203125901445
3	23	29	47	0.16666666666666666
3	19	59	76	0.1981203125901445
3	1	22	64	0.16666666666666666
3	27	62	75	0.16666666666666666
3	15	37	45	0.1981203125901445
3	28	36	75	0.1981203125901446
3	22	37	5	0.1981203125901445
3	54	59	72	0.16666666666666666
3	15	24	5	0.16666666666666666
3	19	64	78	0.1981203125901445
3	34	35	43	0.16666666666666666
3	22	37	76	0.16666666666666666
3	21	22	54	0.16666666666666666
3	19	21	6	0.1981203125901446
3	40	49	60	0.16666666666666666
3	14	15	52	0.16666666666666666
3	19	45	54	0.16666666666666666
3	28	64	77	0.1981203125901446
3	15	29	6	0.16666666666666666
3	49	54	70	0.16666666666666666
3	19	59	6	0.16666666666666666
3	2	36	63	0.16666666666666666
3	29	59	80	0.1981203125901445
3	19	45	64	0.16666666666666666
3	21	49	5	0.16666666666666666
3	16	20	43	0.16666666666666666
3	25	32	57	0.16666666666666666
3	28	30	6	0.16666666666666666
3	1	4	8	0.16666666666666666
3	20	47	60	0.1981203125901446
3	33	46	63	0.1981203125901445
3	22	34	4	0.16666666666666666
3	62	70	77	0.16666666666666666
3	14	15	20	0.16666666666666666
3	29	59	77	0.1981203125901445
3	21	23	62	0.1981203125901445
3	36	54	63	0.16666666666666666
3	15	36	54	0.1981203125901446
3	5	70	80	0.1981203125901446
3	33	56	79	0.1981203125901446
3	15	2	28	0.16666666666666666
3	36	68	7	0.16666666666666666
3	40	47	49	0.16666666666666666
3	40	5	52	0.1981203125901445
3	34	36	52	0.16666666666666666
3	27	37	68	0.16666666666666666
3	22	38	55	0.1981203125901445
3	27	61	76	0.1981203125901445
3	18	47	76	0.1981203125901445
3	15	21	36	0.16666666666666666
3	54	58	8	0.16666666666666666
3	34	43	45	0.16666666666666666
3	21	68	76	0.16666666666666666
3	19	40	67	0.16666666666666666
3	16	22	6	0.16666666666666666
3	69	76	78	0.16666666666666666
3	19	28	45	0.16666666666666666
3	20	54	71	0.16666666666666666
3	1	11	5	0.1981203125901446
3	28	29	52	0.16666666666666666
3	30	31	80	0.16666666666666666
3	29	46	66	0.1981203125901445
3	42	49	80	0.1981203125901445
3	15	59	6	0.16666666666666666
3	11	15	37	0.08333333333333333
3	19	37	66	0.16666666666666666
3	43	5	6	0.16666666666666666
3	22	27	52	0.16666666666666666
3	16	36	58	0.16666666666666666
3	15	45	5	0.1981203125901445
3	4	60	8	0.16666666666666666
3	32	49	78	0.08333333333333333
3	43	6	78	0.16666666666666666
3	28	46	48	0.16666666666666666
3	10	35	69	0.1981203125901445
3	16	31	7	0.16666666666666666
3	34	35	54	0.16666666666666666
3	14	32	52	0.16666666666666666
3	18	30	76	0.16666666666666666
3	11	22	63	0.16666666666666666
3	18	30	5	0.16666666666666666
3	43	66	76	0.16666666666666666
3	2	46	8	0.16666666666666666
3	14	16	24	0.16666666666666666
3	47	49	76	0.16666666666666666
3	5	52	67	0.1981203125901445
3	22	49	54	0.1981203125901445
3	38	5	6	0.16666666666666666
3	15	31	80	0.16666666666666666
3	37	43	9	0.16666666666666666
3	23	4	62	0.16666666666666666
3	28	59	78	0.16666666666666666
3	1	76	77	0.1981203125901445
3	40	5	67	0.16666666666666666
3	22	27	47	0.16666666666666666
3	22	30	54	0.16666666666666666
3	43	55	6	0.16666666666666666
3	19	71	77	0.16666666666666666
3	30	55	76	0.16666666666666666
3	20	22	47	0.1981203125901446
3	34	71	77	0.1981203125901446
3	18	20	9	0.1981203125901445
3	14	43	58	0.08333333333333333
3	2	31	37	0.16666666666666666
3	47	69	76	0.08333333333333333
3	18	47	70	0.16666666666666666
3	29	52	62	0.16666666666666666
3	4	62	77	0.16666666666666666
3	16	31	5	0.16666666666666666
3	36	55	77	0.16666666666666666
3	2	4	8	0.08333333333333333
3	16	51	64	0.1981203125901445
3	36	76	8	0.1981203125901445
3	28	46	49	0.16666666666666666
3	22	33	56	0.08333333333333333
3	15	47	52	0.16666666666666666
3	14	27	55	0.16666666666666666
3	19	69	9	0.1981203125901445
3	22	66	71	0.1981203125901446
3	16	5	63	0.16666666666666666
3	28	48	69	0.16666666666666666
3	19	59	9	0.08333333333333333
3	34	43	54	0.16666666666666666
3	38	43	55	0.16666666666666666
3	36	54	58	0.16666666666666666
3	42	66	77	0.08333333333333333
3	21	60	71	0.16666666666666666
3	29	30	77	0.1981203125901446
3	14	16	61	0.16666666666666666
3	48	68	78	0.16666666666666666
3	12	18	20	0.16666666666666666
3	22	24	63	0.1981203125901446
3	11	5	52	0.1981203125901446
3	22	63	66	0.16666666666666666
3	22	55	78	0.1981203125901446
3	49	5	70	0.16666666666666666
3	18	43	6	0.1981203125901445
3	32	64	77	0.16666666666666666
3	48	66	71	0.16666666666666666
3	35	44	54	0.1981203125901445
3	15	37	66	0.1981203125901445
3	4	60	64	0.1981203125901446
3	44	60	9	0.16666666666666666
3	14	15	6	0.08333333333333333
3	19	28	33	0.1981203125901445
3	15	6	69	0.16666666666666666
3	20	37	55	0.16666666666666666
3	51	66	71	0.16666666666666666
3	28	29	78	0.16666666666666666
3	37	44	47	0.16666666666666666
3	16	42	77	0.16666666666666666
3	16	59	64	0.1981203125901445
3	29	32	67	0.1981203125901445
3	59	6	76	0.16666666666666666
3	20	27	55	0.16666666666666666
3	62	70	76	0.16666666666666666
3	4	54	60	0.16666666666666666
3	11	20	54	0.1981203125901445
3	59	60	66	0.16666666666666666
3	37	40	5	0.08333333333333333
3	22	5	52	0.1981203125901445
3	15	23	31	0.1981203125901445
3	40	54	78	0.08333333333333333
3	15	21	54	0.16666666666666666
3	23	24	62	0.08333333333333333
3	44	48	56	0.1981203125901445
3	23	45	55	0.1981203125901446
3	11	63	8	0.08333333333333333
3	16	49	6	0.16666666666666666
3	19	5	60	0.08333333333333333
3	20	28	37	0.1981203125901445
3	16	21	49	0.16666666666666666
3	49	59	78	0.1981203125901445
3	48	68	9	0.1981203125901445
3	54	58	59	0.08333333333333333
3	28	43	57	0.16666666666666666
3	22	34	37	0.1981203125901446
3	18	28	58	0.1981203125901445
3	21	54	9	0.16666666666666666
3	28	35	43	0.16666666666666666
3	32	49	59	0.08333333333333333
3	37	54	55	0.08333333333333333
3	48	54	59	0.16666666666666666
3	28	29	43	0.1981203125901445
3	33	5	58	0.08333333333333333
3	36	5	77	0.16666666666666666
3	19	77	79	0.1981203125901445
3	49	54	6	0.16666666666666666
3	20	46	9	0.1981203125901445
3	16	55	77	0.1981203125901445
3	27	37	49	0.1981203125901445
3	18	52	68	0.16666666666666666
3	19	47	71	0.16666666666666666
3	54	58	75	0.16666666666666666
3	15	37	46	0.16666666666666666
3	11	30	54	0.16666666666666666
3	16	22	33	0.1981203125901445
3	14	60	61	0.1981203125901445
3	14	28	69	0.1981203125901445
3	45	71	78	0.16666666666666666
3	11	16	22	0.1981203125901446
3	18	5	6	0.16666666666666666
3	1	37	4	0.1981203125901445
3	22	27	34	0.1981203125901446
3	32	38	54	0.16666666666666666
3	42	46	66	0.16666666666666666
3	21	36	8	0.1981203125901445
3	29	43	57	0.16666666666666666
3	18	59	6	0.16666666666666666
3	20	63	66	0.16666666666666666
3	37	46	57	0.16666666666666666
3	19	40	60	0.16666666666666666
3	4	40	62	0.16666666666666666
3	14	52	64	0.1981203125901446
3	20	34	54	0.1981203125901446
3	28	5	8	0.16666666666666666
3	34	6	78	0.1981203125901446
3	14	52	62	0.16666666666666666
3	25	28	30	0.16666666666666666
3	27	60	75	0.16666666666666666
3	5	70	9	0.16666666666666666
3	15	28	5	0.1981203125901446
3	23	32	75	0.16666666666666666
3	1	36	60	0.16666666666666666
3	10	38	68	0.16666666666666666
3	16	35	49	0.1981203125901445
3	28	76	9	0.1981203125901445
3	43	59	6	0.08333333333333333
3	2	22	24	0.16666666666666666
3	15	44	67	0.16666666666666666
3	2	35	64	0.16666666666666666
3	38	51	55	0.1981203125901445
3	19	40	62	0.16666666666666666
3	19	60	75	0.1981203125901445
3	2	28	43	0.1981203125901446
3	30	35	77	0.1981203125901445
3	14	35	52	0.16666666666666666
3	30	54	75	0.16666666666666666
3	35	40	67	0.16666666666666666
3	28	57	6	0.1981203125901445
3	22	49	65	0.16666666666666666
3	34	4	54	0.16666666666666666
3	31	35	5	0.16666666666666666
3	42	44	61	0.16666666666666666
3	32	5	66	0.16666666666666666
3	2	29	59	0.16666666666666666
3	40	68	70	0.16666666666666666
3	31	68	75	0.16666666666666666
3	16	35	70	0.1981203125901445
3	36	5	72	0.1981203125901445
3	43	6	77	0.16666666666666666
3	15	34	67	0.1981203125901445
3	20	22	54	0.16666666666666666
3	15	32	59	0.16666666666666666
3	28	30	62	0.16666666666666666
3	15	16	63	0.16666666666666666
3	15	36	6	0.1981203125901446
3	1	4	60	0.16666666666666666
3	54	6	62	0.1981203125901446
3	15	16	33	0.16666666666666666
3	18	2	43	0.08333333333333333
3	34	45	78	0.1981203125901445
3	16	33	5	0.16666666666666666
3	1	43	60	0.16666666666666666
3	33	37	47	0.16666666666666666
3	22	43	55	0.1981203125901446
3	47	60	75	0.1981203125901445
3	30	51	8	0.1981203125901445
3	14	47	6	0.16666666666666666
3	37	68	9	0.1981203125901446
3	11	24	43	0.16666666666666666
3	25	38	5	0.1981203125901445
3	32	44	78	0.16666666666666666
3	31	34	36	0.1981203125901445
3	47	55	63	0.16666666666666666
3	38	6	76	0.1981203125901445
3	19	45	78	0.16666666666666666
3	56	60	69	0.16666666666666666
3	20	28	43	0.1981203125901445
3	15	32	64	0.16666666666666666
3	32	44	8	0.16666666666666666
3	29	6	78	0.1981203125901446
3	37	43	66	0.16666666666666666
3	21	68	77	0.16666666666666666
3	20	47	6	0.16666666666666666
3	27	72	77	0.16666666666666666
3	11	16	59	0.16666666666666666
3	22	24	71	0.08333333333333333
3	61	69	76	0.16666666666666666
3	11	14	24	0.16666666666666666
3	22	24	5	0.16666666666666666
3	18	57	6	0.08333333333333333
3	32	76	78	0.1981203125901445
3	18	42	51	0.16666666666666666
3	44	5	9	0.16666666666666666
3	16	31	62	0.16666666666666666
3	10	38	69	0.16666666666666666
3	46	63	8	0.16666666666666666
3	43	57	8	0.16666666666666666
3	14	24	40	0.16666666666666666
3	22	24	6	0.16666666666666666
3	29	49	80	0.1981203125901445
3	28	44	67	0.16666666666666666
3	15	5	56	0.16666666666666666
3	24	57	77	0.1981203125901445
3	29	35	60	0.1981203125901445
3	12	32	75	0.16666666666666666
3	32	57	75	0.16666666666666666
3	34	4	43	0.1981203125901445
3	2	23	51	0.1981203125901445
3	44	48	9	0.16666666666666666
3	29	47	66	0.16666666666666666
3	43	55	63	0.08333333333333333
3	30	55	6	0.16666666666666666
3	40	59	68	0.08333333333333333
3	5	77	9	0.1981203125901446
3	47	49	80	0.1981203125901446
3	20	48	54	0.16666666666666666
3	23	49	54	0.16666666666666666
